Rank,Card Name,Set,Max Price (USD),Avg Price (USD),Min Price (USD),Listings,1Mo Trend %,6Mo Trend %,12Mo Trend %,Sold Count
1,"1999 Booster Box","Unknown Set",23000,23000,23000,1,0,0,0,0
2,"CHARIZARD 1999 THICK","Unknown Set",21999.99,21999.99,21999.99,1,0,0,0,0
3,"Mega Charizard Box","Unknown Set",15000,15000,15000,1,0,0,0,0
4,"Evolving Skies Booster Box Case","SWSH07: Evolving Skies",12131.66,12131.66,12131.66,1,0,0,0,0
5,"BLASTOISE 1999 THICK","Unknown Set",9999.99,9999.99,9999.99,1,0,0,0,0
6,"XY Evolutions Booster Box Case","XY - Evolutions",9912.5,9912.5,9912.5,1,0,0,0,0
7,"Team Up Booster Box","SM - Team Up",8498.96,8498.96,8498.96,1,0,0,0,0
8,"Flashfire Booster Box","XY - Flashfire",8399.99,8399.99,8399.99,1,0,0,0,0
9,"Prismatic Evolution Booster Bundle Display Case","SV: Prismatic Evolutions",7000,7000,7000,1,0,0,0,0
10,"Paldean Fates Booster Bundle Display Case","SV: Paldean Fates",6895.07,6895.07,6895.07,1,0,0,0,0
11,"151 Booster Bundle Display Case","SV: Scarlet & Violet 151",6865.7,6865.7,6865.7,1,0,0,0,0
12,"PROMO PIKACHU Stamp","Base Set",6000,6000,6000,1,0,0,0,0
13,"Southern Islands Collection","Southern Islands",4999.99,4999.99,4999.99,1,0,0,0,0
14,"TAG TEAM Tin Case","SM - Team Up",4999.95,4999.95,4999.95,1,0,0,0,0
15,"Burning Shadows Booster Box Case","SM - Burning Shadows",4999,4999,4999,1,0,0,0,0
16,"Plasma Freeze Booster Box","Plasma Freeze",4800,4800,4800,1,0,0,0,0
17,"Japanese 2005 FAN","Unknown Set",4799.99,4799.99,4799.99,1,0,0,0,0
18,"Fusion Strike Booster Box Case","SWSH08: Fusion Strike",4560.21,4560.21,4560.21,1,0,0,0,0
19,"Pristine Charizard 20th","Unknown Set",4474.99,4474.99,4474.99,1,0,0,0,0
20,"1999 Game Squirtle","Unknown Set",4350,4350,4350,1,0,0,0,0
21,"XY Booster Box","XY Base Set",4200,4200,4200,1,0,0,0,0
22,"Team Up Prerelease Kit Display","SM - Team Up",4000,4000,4000,1,0,0,0,0
23,"Sword & Shield Booster Box Case","SWSH01: Sword & Shield Base Set",3999.99,3999.99,3999.99,1,0,0,0,0
24,"POKÉMON JUNGLE SET","Jungle",3999.99,3999.99,3999.99,1,0,0,0,0
25,"1996 JAPANESE BASE","Base Set",3999.98,3999.98,3999.98,1,0,0,0,0
26,"Pokemon Base Set (Shadowless) [1st Edition] Booster Pack","Base Set (Shadowless)",3999.95,3999.95,3999.95,1,0,0,0,0
27,"1999 Base Set","Base Set",3999.89,285.8,1.5,19,0,0,0,0
28,"Evolving Skies Elite Trainer Box Case","SWSH07: Evolving Skies",3888.99,3888.99,3888.99,1,0,0,0,0
29,"151 Elite Trainer Box Case","SV: Scarlet & Violet 151",3596.47,3596.47,3596.47,1,0,0,0,0
30,"Base Set Venusaur","Base Set",3584,1816.98,49.95,2,0,0,0,0
31,"Promo 090/S-P Lillie","Unknown Set",3049.99,3049.99,3049.99,1,0,0,0,0
32,"GEM MINT 2007","Unknown Set",2999.99,2999.99,2999.99,1,0,0,0,0
33,"Celebrations Ultra-Premium Collection Case","Celebrations",2819.33,2819.33,2819.33,1,0,0,0,0
34,"Brilliant Stars Booster Box Case","SWSH09: Brilliant Stars",2706.9,2706.9,2706.9,1,0,0,0,0
35,"Pokemon 2-Player Starter Set","Base Set (Shadowless)",2600,2600,2600,1,0,0,0,0
36,"Evolving Skies Booster Box","SWSH07: Evolving Skies",2590.66,2590.66,2590.66,1,0,0,0,0
37,"Legendary Collection Booster Pack","Legendary Collection",2499.98,2499.98,2499.98,1,0,0,0,0
38,"Lugia","Aquapolis",2499.98,1400,500,5,0,0,0,0
39,"Silver Tempest Booster Box Case","SWSH12: Silver Tempest",2488.55,2488.55,2488.55,1,0,0,0,0
40,"Fusion Strike Sleeved Booster Case","SWSH08: Fusion Strike",2416.09,2416.09,2416.09,1,0,0,0,0
41,"RAICHU Base Set","Base Set",2400,2400,2400,1,0,0,0,0
42,"Crown Zenith Booster Bundle Case","Crown Zenith",2022.85,2022.85,2022.85,1,0,0,0,0
43,"Crown Zenith Elite Trainer Box Case","Crown Zenith",2012.36,2012.36,2012.36,1,0,0,0,0
44,"Vivid Voltage Secret","Unknown Set",2000,1177.5,355,2,0,0,0,0
45,"Charizard Rare Hanafuda","Unknown Set",1999.99,1999.99,1999.99,1,0,0,0,0
46,"Lugia","Neo Genesis",1999.95,652.28,120.96,10,0,0,0,0
47,"Umbreon (13)","Neo Discovery",1799.99,465.56,138.05,7,0,0,0,0
48,"Skyridge Booster Pack","Skyridge",1799.99,1650,1500,2,0,0,0,0
49,"Celebrations Elite Trainer Box Case","Celebrations",1776.31,1776.31,1776.31,1,0,0,0,0
50,"Gem Mint 10!","Base Set",1750,1750,1750,1,0,0,0,0
51,"Evolving Skies Build & Battle Box Display","SWSH07: Evolving Skies",1748.63,1748.63,1748.63,1,0,0,0,0
52,"GEM MINT 2010","Unknown Set",1699.99,1699.99,1699.99,1,0,0,0,0
53,"Celebrations Pokemon Center Elite Trainer Box Case (Exclusive)","Celebrations",1651.61,1651.61,1651.61,1,0,0,0,0
54,"Fusion Strike Pokemon Center Elite Trainer Box Case (Exclusive)","SWSH08: Fusion Strike",1600,1600,1600,1,0,0,0,0
55,"Fusion Strike Elite Trainer Box Case","SWSH08: Fusion Strike",1595.58,1595.58,1595.58,1,0,0,0,0
56,"Brilliant Stars Sleeved Booster Pack Case","SWSH09: Brilliant Stars",1555.96,1555.96,1555.96,1,0,0,0,0
57,"Neo Destiny Booster Pack [1st Edition]","Neo Destiny",1500,1500,1500,1,0,0,0,0
58,"Gengar (H9)","Skyridge",1499.99,812.81,451.24,4,0,0,0,0
59,"Evolving Skies Pokemon Center Elite Trainer Box [Set of 2] (Exclusive)","SWSH07: Evolving Skies",1496.84,1496.84,1496.84,1,0,0,0,0
60,"1997 Pokémon Japanese","Jungle",1400,1400,1400,1,0,0,0,0
61,"Japanese Complete Southern","Unknown Set",1400,1400,1400,1,0,0,0,0
62,"Silver Tempest Booster Bundle Case","SWSH12: Silver Tempest",1398.43,1398.43,1398.43,1,0,0,0,0
63,"Crown Zenith Pokemon Center Elite Trainer Box Plus Case","Crown Zenith",1386.66,1386.66,1386.66,1,0,0,0,0
64,"Pokemon Base Set (Shadowless) [Unlimited Edition] Booster Pack","Base Set (Shadowless)",1300,1300,1300,1,0,0,0,0
65,"Charizard","Base Set (Shadowless)",1299,663.96,225,5,0,0,0,0
66,"2020 2021 swsh","Unknown Set",1283.88,1283.88,1283.88,1,0,0,0,0
67,"French Florizarre "Venasaur"","Unknown Set",1249.95,1249.95,1249.95,1,0,0,0,0
68,"Gyarados (H10)","Skyridge",1200,539.25,209,4,0,0,0,0
69,"Charizard","Skyridge",1199,1199,1199,1,0,0,0,0
70,"Amazing Rare Vivid","Unknown Set",1199,1199,1199,1,0,0,0,0
71,"Silver Tempest Sleeved Booster Pack Case","SWSH12: Silver Tempest",1172.99,1172.99,1172.99,1,0,0,0,0
72,"Crown Zenith Mini Tin Display Case","Crown Zenith",1099.99,1099.99,1099.99,1,0,0,0,0
73,"Aquapolis Booster Pack","Aquapolis",1050.99,1050.99,1050.99,1,0,0,0,0
74,"Fusion Strike Booster Box","SWSH08: Fusion Strike",1032.07,1032.07,1032.07,1,0,0,0,0
75,"GEM MINT Machamp","Unknown Set",1000,1000,1000,1,0,0,0,0
76,"Shiny Charizard 077/070","Unknown Set",1000,1000,1000,1,0,0,0,0
77,"2010 Palkia LGDRY","Unknown Set",999.99,999.99,999.99,1,0,0,0,0
78,"2020 S-Chinese Magikarp","Unknown Set",999.95,999.95,999.95,1,0,0,0,0
79,"Nidoking (150)","Aquapolis",999,476.78,250,5,0,0,0,0
80,"2000 PIKACHU World","Unknown Set",995,995,995,1,0,0,0,0
81,"Brilliant Stars Elite Trainer Box Case","SWSH09: Brilliant Stars",991.11,991.11,991.11,1,0,0,0,0
82,"Silver Tempest Elite Trainer Box Case","SWSH12: Silver Tempest",916.37,916.37,916.37,1,0,0,0,0
83,"French Magneton Mint","Unknown Set",899.95,899.95,899.95,1,0,0,0,0
84,"Celebrations Ultra-Premium Collection","Celebrations",876.75,876.75,876.75,1,0,0,0,0
85,"Blastoise","Base Set (Shadowless)",873.99,318.73,91.39,5,0,0,0,0
86,"2020 POKÉMON SWSH","Unknown Set",850,850,850,1,0,0,0,0
87,"1996 Pocket Monster","Base Set",850,850,850,1,0,0,0,0
88,"Evolving Skies Pokemon Center Elite Trainer Box [Jolteon/Flareon/Umbreon/Leafeon] (Exclusive)","SWSH07: Evolving Skies",813.2,813.2,813.2,1,0,0,0,0
89,"Celebrations Collector Chest Case","Celebrations",812.38,812.38,812.38,1,0,0,0,0
90,"Umbreon SSR 229/150","Unknown Set",808.88,808.88,808.88,1,0,0,0,0
91,"Alakazam (H1)","Skyridge",800,403.91,140,5,0,0,0,0
92,"Evolving Skies Pokemon Center Elite Trainer Box [Glaceon/Vaporeon/Sylveon/Espeon] (Exclusive)","SWSH07: Evolving Skies",787.11,787.11,787.11,1,0,0,0,0
93,"Shining Mewtwo","Neo Destiny",769.28,448.59,0.25,5,0,0,0,0
94,"Celebrations Lot Plus","Celebrations",750,750,750,1,0,0,0,0
95,"Charizard Base Set","Base Set",750,750,750,1,0,0,0,0
96,"GEM MINT GIOVANNI'S","Gym Challenge",750,750,750,1,0,0,0,0
97,"Dark Scizor","Neo Destiny",749.84,236.3,43.93,8,0,0,0,0
98,"Neo Genesis Booster Pack [1st Edition]","Neo Genesis",721,721,721,1,0,0,0,0
99,"Umbreon VMAX (Alternate Art Secret)","SWSH07: Evolving Skies",702.5,702.5,702.5,1,0,0,0,0
100,"Crobat (147)","Skyridge",700,303.95,175,8,0,0,0,0
101,"Promo Starters Set","Unknown Set",699.99,699.99,699.99,1,0,0,0,0
102,"Charizard (6)","Expedition",699.98,254.52,73,9,0,0,0,0
103,"1999 French Electhor","Unknown Set",699.95,699.95,699.95,1,0,0,0,0
104,"Dark Gengar","Neo Destiny",699.69,330.1,107.53,7,0,0,0,0
105,"Pokémon Center Exclusive","Unknown Set",695,695,695,1,0,0,0,0
106,"GEM MINT Hitmonchan","Unknown Set",689.99,689.99,689.99,1,0,0,0,0
107,"Gym Heroes Theme Deck - "Lt. Surge"","Gym Heroes",650,650,650,1,0,0,0,0
108,"Gym Challenge Theme Deck - "Sabrina"","Gym Challenge",649.99,649.99,649.99,1,0,0,0,0
109,"Topsun Booster PACK","Unknown Set",648.88,648.88,648.88,1,0,0,0,0
110,"Evolving Skies Elite Trainer Box [Set of 2]","SWSH07: Evolving Skies",647.02,647.02,647.02,1,0,0,0,0
111,"Umbreon (H29)","Aquapolis",630.99,418.47,279.99,5,0,0,0,0
112,"Aquapolis Tentacruel (0478)","Aquapolis",616,616,616,1,0,0,0,0
113,"Tyranitar (H28)","Aquapolis",615.95,328.86,106.67,5,0,0,0,0
114,"Shining Charizard","Neo Destiny",600,600,600,1,0,0,0,0
115,"Houndoom (H11)","Skyridge",600,297.88,139.99,5,0,0,0,0
116,"Gym Challenge Theme Deck - "Blaine"","Gym Challenge",599.99,599.99,599.99,1,0,0,0,0
117,"Flareon (H7)","Skyridge",599.99,307.14,164.99,4,0,0,0,0
118,"Kabutops (150)","Skyridge",599,249.2,121.43,7,0,0,0,0
119,"Neo Genesis Booster Pack [Unlimited Edition]","Neo Genesis",580,580,580,1,0,0,0,0
120,"Mystery Box €500","Unknown Set",578.2,578.2,578.2,1,0,0,0,0
121,"Fusion Strike Build & Battle Box Display","SWSH08: Fusion Strike",568.92,568.92,568.92,1,0,0,0,0
122,"Pikachu VMax Astonishing","Unknown Set",558.6,558.6,558.6,1,0,0,0,0
123,"Houndoom (H11)","Aquapolis",556.66,282.02,64.98,5,0,0,0,0
124,"Gengar (13)","Expedition",555,158.08,56.26,10,0,0,0,0
125,"Dragonair","Base Set (Shadowless)",554.98,102.7,5.75,7,0,0,0,0
126,"2016 Charizard Evolutions","Unknown Set",550,550,550,1,0,0,0,0
127,"1999 lot","Unknown Set",550,550,550,1,0,0,0,0
128,"Neo Discovery Booster Pack [1st Edition]","Neo Discovery",549.99,549.99,549.99,1,0,0,0,0
129,"Neo Destiny Theme Deck - "Dark"","Neo Destiny",549,549,549,1,0,0,0,0
130,"Base Set 2 - 2-Player CD-ROM Starter Set","Base Set 2",545.39,545.39,545.39,1,0,0,0,0
131,"Brilliant Stars Booster Box","SWSH09: Brilliant Stars",540.58,540.58,540.58,1,0,0,0,0
132,"Umbreon 112/115 Great","Unknown Set",522,522,522,1,0,0,0,0
133,"Pikachu VMAX Special Collection Case","Crown Zenith",509.99,509.99,509.99,1,0,0,0,0
134,"Evolving Skies Build & Battle Stadium","SWSH07: Evolving Skies",504.83,504.83,504.83,1,0,0,0,0
135,"Pokémon Blaine's Charizard","Gym Challenge",500,500,500,1,0,0,0,0
136,"Machamp Rare Base","Base Set",500,259.4,18.79,2,0,0,0,0
137,"Pikachu","Legendary Collection",499.99,87.05,0.53,7,0,0,0,0
138,"Pokémon 25th Anniversary","Celebrations",499.99,499.99,499.99,1,0,0,0,0
139,"DARK ENERGY UMBREON","Unknown Set",499.99,499.99,499.99,1,0,0,0,0
140,"Eevee","Legendary Collection",499.99,121.68,0.99,9,0,0,0,0
141,"9.5 Draco Dragonair","Unknown Set",499.95,499.95,499.95,1,0,0,0,0
142,"Encapsulated Pokémon Cards-","Unknown Set",499,499,499,1,0,0,0,0
143,"Battle Fire Red","Unknown Set",489.89,489.89,489.89,1,0,0,0,0
144,"Silver Tempest Booster Box","SWSH12: Silver Tempest",488.84,488.84,488.84,1,0,0,0,0
145,"Mewtwo","Legendary Collection",487.5,140.62,5.5,10,0,0,0,0
146,"Golem","Skyridge",484.99,319.64,186.57,6,0,0,0,0
147,"2000 Japanese Neo","Neo Genesis",475,475,475,1,0,0,0,0
148,"Team Rocket Booster Pack [1st Edition]","Team Rocket",467.34,467.34,467.34,1,0,0,0,0
149,"Base Set Booster Pack [Revised Unlimited Edition]","Base Set",465.25,465.25,465.25,1,0,0,0,0
150,"Suicune (14)","Neo Revelation",459.99,131.51,36.9,7,0,0,0,0
151,"Charizard","Base Set",457.49,296.27,186.23,5,0,0,0,0
152,"1999 Charmander Base","Base Set",455,455,455,1,0,0,0,0
153,"LOST THUNDER CUSTOM","Unknown Set",454.99,454.99,454.99,1,0,0,0,0
154,"Crown Zenith Pokemon Center Elite Trainer Box Plus","Crown Zenith",451.98,451.98,451.98,1,0,0,0,0
155,"1999 Base Unlimited","Unknown Set",450,450,450,1,0,0,0,0
156,"Error Misprint Noivern","Unknown Set",450,450,450,1,0,0,0,0
157,"Base Set Theme Deck - "Blackout"","Base Set (Shadowless)",450,450,450,1,0,0,0,0
158,"Neo Revelation Booster Pack [Unlimited Edition]","Neo Revelation",450,450,450,1,0,0,0,0
159,"2002 Expedition Mewtwo","Expedition",449.99,449.99,449.99,1,0,0,0,0
160,"Crown Zenith Tin Case","Crown Zenith",449.99,449.99,449.99,1,0,0,0,0
161,"Base Set French","Base Set",449.95,183.28,39.95,3,0,0,0,0
162,"Moltres (H20)","Skyridge",449,304.73,119.9,4,0,0,0,0
163,"Shining Celebi","Neo Destiny",442.97,246.56,131.44,5,0,0,0,0
164,"Dark Espeon","Neo Destiny",437.5,194.65,85.55,9,0,0,0,0
165,"Vaporeon (H31)","Skyridge",430,375.66,296.99,3,0,0,0,0
166,"Japanese Classic Deck","Unknown Set",427.94,427.94,427.94,1,0,0,0,0
167,"Celebrations Deluxe Pin Collection Case [Zacian LV. X]","Celebrations",425,425,425,1,0,0,0,0
168,"8.0 Near Mint+","Unknown Set",419.99,419.99,419.99,1,0,0,0,0
169,"NEAR MINT CHANSEY","Base Set",419.95,419.95,419.95,1,0,0,0,0
170,"Gym Challenge Booster Pack [1st Edition]","Gym Challenge",412.89,412.89,412.89,1,0,0,0,0
171,"Gengar (10)","Skyridge",409.99,225.54,67.5,9,0,0,0,0
172,"Neo Destiny Theme Deck - "Light"","Neo Destiny",406,406,406,1,0,0,0,0
173,"blastoise expedition","Expedition",400,400,400,1,0,0,0,0
174,"Articuno (H3)","Skyridge",400,288.25,115,4,0,0,0,0
175,"Blastoise (4)","Expedition",400,128.12,40.94,8,0,0,0,0
176,"Ho-oh","Skyridge",400,323.6,221.99,5,0,0,0,0
177,"Celebrations Flying Pikachu","Celebrations",400,107.87,5.99,4,0,0,0,0
178,"GEM MINT Marill","Unknown Set",399.99,399.99,399.99,1,0,0,0,0
179,"2000 DIGLETT Topps","Unknown Set",399.99,399.99,399.99,1,0,0,0,0
180,"Generations Connecting Obstruction","Unknown Set",399.95,399.95,399.95,1,0,0,0,0
181,"BREAKTHROUGH M/MEGA GLALIE","Unknown Set",399.95,399.95,399.95,1,0,0,0,0
182,"1999 Double Suppression","Base Set",399.95,399.95,399.95,1,0,0,0,0
183,"Empty Base Set","Base Set",399.12,399.12,399.12,1,0,0,0,0
184,"Opened 1997 Japanese","Unknown Set",399,399,399,1,0,0,0,0
185,"2001 Gem Mint","Unknown Set",399,399,399,1,0,0,0,0
186,"2002 Nidoqueen Legendary","Legendary Collection",398.95,398.95,398.95,1,0,0,0,0
187,"Base Set Theme Deck - "Zap!" (Revised Base Set Reprint Run)","Base Set",398.95,398.95,398.95,1,0,0,0,0
188,"Evolving Skies Elite Trainer Box [Flareon/Jolteon/Umbreon/Leafeon]","SWSH07: Evolving Skies",397.39,397.39,397.39,1,0,0,0,0
189,"Brilliant Stars Build & Battle Box Display","SWSH09: Brilliant Stars",397.29,397.29,397.29,1,0,0,0,0
190,"Gym Heroes Booster Pack [1st Edition]","Gym Heroes",396.2,396.2,396.2,1,0,0,0,0
191,"MNT 9.5 Evolutions","Unknown Set",392.28,392.28,392.28,1,0,0,0,0
192,"Celebrations Pokemon Center Elite Trainer Box (Exclusive)","Celebrations",391.56,391.56,391.56,1,0,0,0,0
193,"Charizard","Legendary Collection",389.99,243.07,128.11,5,0,0,0,0
194,"Umbreon (32)","Skyridge",387.99,183.85,65,10,0,0,0,0
195,"Evolving Skies Elite Trainer Box [Glaceon/Vaporeon/Sylveon/Espeon]","SWSH07: Evolving Skies",382.67,382.67,382.67,1,0,0,0,0
196,"Dewgong (H6)","Skyridge",379.99,212.51,112.5,3,0,0,0,0
197,"Evolving Skies Sleeved Booster Pack Bundle [Set of 8]","SWSH07: Evolving Skies",378.33,378.33,378.33,1,0,0,0,0
198,"Fusion Strike Pokemon Center Elite Trainer Box (Exclusive)","SWSH08: Fusion Strike",376.43,376.43,376.43,1,0,0,0,0
199,"Snorlax","Skyridge",375,119.77,22.08,9,0,0,0,0
200,"Mewtwo (20)","Expedition",375,160.78,35.2,10,0,0,0,0
201,"Error Misprint Extremely","Unknown Set",374.99,374.99,374.99,1,0,0,0,0
202,"MINT Pikachu 93/92","Unknown Set",369.95,369.95,369.95,1,0,0,0,0
203,"Raichu (H25)","Skyridge",366.94,234.45,87.41,5,0,0,0,0
204,"Fall 2022 Collector Chest Case","SWSH12: Silver Tempest",366.66,366.66,366.66,1,0,0,0,0
205,"Houndoom","Neo Revelation",365,145.86,49.76,9,0,0,0,0
206,"Dragonite (9)","Expedition",364.99,159.39,52.89,9,0,0,0,0
207,"Typhlosion (17)","Neo Genesis",361.66,135.44,46.65,7,0,0,0,0
208,"PLASMA FREEZE GARBODOR","Unknown Set",360,360,360,1,0,0,0,0
209,"2007 Power Keepers","Unknown Set",359.99,359.99,359.99,1,0,0,0,0
210,"LEGENDARY COLLECTION ELECTRODE","Legendary Collection",354.99,354.99,354.99,1,0,0,0,0
211,"Silver Tempest Build & Battle Box Display","SWSH12: Silver Tempest",350.25,350.25,350.25,1,0,0,0,0
212,"2000 Team Rocket","Team Rocket",350,91.89,2.99,5,0,0,0,0
213,"1998 Japanese Rocket","Unknown Set",350,350,350,1,0,0,0,0
214,"DUGTRIO Base Set","Base Set",350,350,350,1,0,0,0,0
215,"Feraligatr (12)","Expedition",350,94.26,24.44,7,0,0,0,0
216,"Base Set Theme Deck - "Overgrowth" (Revised Base Set Reprint Run)","Base Set",350,350,350,1,0,0,0,0
217,"1999 Wizard Base","Base Set",349.99,349.99,349.99,1,0,0,0,0
218,"1999 Pokémon French","Base Set",349.95,349.95,349.95,1,0,0,0,0
219,"100 POPULAR VMAX","Unknown Set",349.47,349.47,349.47,1,0,0,0,0
220,"Neo Discovery Booster Pack [Unlimited Edition]","Neo Discovery",344.44,344.44,344.44,1,0,0,0,0
221,"Jungle Booster Pack [1st Edition]","Jungle",343.57,343.57,343.57,1,0,0,0,0
222,"Crown Zenith Premium Figure Collection [Set of 2]","Crown Zenith",336.26,336.26,336.26,1,0,0,0,0
223,"Expedition Feraligatr (7934)","Expedition",336,336,336,1,0,0,0,0
224,"Fossil Booster Pack [1st Edition]","Fossil",334.98,334.98,334.98,1,0,0,0,0
225,"LEGENDARY COLLECTION ARCANINE","Legendary Collection",334,334,334,1,0,0,0,0
226,"2001 DARK VENUSAUR","Unknown Set",332.6,332.6,332.6,1,0,0,0,0
227,"Gengar (5)","Fossil",330.89,122.01,31.95,10,0,0,0,0
228,"GEM MINT 2012","Unknown Set",329.99,329.99,329.99,1,0,0,0,0
229,"V-UNION Special Collection [Set of 3]","SWSH07: Evolving Skies",329.12,329.12,329.12,1,0,0,0,0
230,"Tyranitar (29)","Expedition",327.48,119.21,39.72,9,0,0,0,0
231,"Tyranitar","Aquapolis",325.99,86.41,21.11,10,0,0,0,0
232,"umbreon undaunted Prime","Unknown Set",325.95,325.95,325.95,1,0,0,0,0
233,"Gengar VMAX (Alternate Art Secret)","SWSH08: Fusion Strike",325.11,325.11,325.11,1,0,0,0,0
234,"Crown Zenith Collection Case","Crown Zenith",323.32,323.32,323.32,1,0,0,0,0
235,"2003 Skyridge Flareon","Skyridge",319,319,319,1,0,0,0,0
236,"2003 Skyridge Jolteon","Skyridge",319,259.5,199.99,2,0,0,0,0
237,"Charizard (39)","Expedition",318.99,125.68,28.01,10,0,0,0,0
238,"Shining Raichu","Neo Destiny",317.5,252.67,167.55,5,0,0,0,0
239,"Base Set Theme Deck - "Blackout" (Revised Base Set Reprint Run)","Base Set",311.95,311.95,311.95,1,0,0,0,0
240,"Pokémon Umbreon Sun","Base Set",309.53,66.42,4,6,0,0,0,0
241,"Team Rocket Theme Deck - "Devastation"","Team Rocket",309.38,309.38,309.38,1,0,0,0,0
242,"Espeon (H9)","Aquapolis",307.43,192.97,91.61,4,0,0,0,0
243,"Umbreon 24/100","Unknown Set",305.99,305.99,305.99,1,0,0,0,0
244,"Snorlax (11)","Jungle",305.22,93.23,17.73,10,0,0,0,0
245,"Ho-oh (7)","Neo Revelation",304.98,126.67,40.99,9,0,0,0,0
246,"LEGENDARY COLLECTION ENERGY","Legendary Collection",304.95,304.95,304.95,1,0,0,0,0
247,"Charizard","Base Set 2",304.88,195.47,116.08,5,0,0,0,0
248,"Mewtwo","Base Set (Shadowless)",300,123.9,32.86,6,0,0,0,0
249,"Pikachu Vmax Pokémon","Unknown Set",300,300,300,1,0,0,0,0
250,"Meowth 91/102 Base","Base Set",300,300,300,1,0,0,0,0
251,"Cards! Four Slabs","Unknown Set",300,300,300,1,0,0,0,0
252,"Authentic Cards","Unknown Set",300,300,300,1,0,0,0,0
253,"Raikou (13)","Neo Revelation",299.99,126.03,32.65,7,0,0,0,0
254,"2002 Expedition Tyranitar","Expedition",299.99,299.99,299.99,1,0,0,0,0
255,"1/1 DITTO One-of-One","Fossil",299.99,299.99,299.99,1,0,0,0,0
256,"2003 Dragon Crawdaunt","Unknown Set",299.99,299.99,299.99,1,0,0,0,0
257,"Special Jumbo Carddass","Unknown Set",299.99,299.99,299.99,1,0,0,0,0
258,"RED DOT INK","Base Set",299.99,299.99,299.99,1,0,0,0,0
259,"Sun&Moon Miracle Twin","Unknown Set",299.99,299.99,299.99,1,0,0,0,0
260,"2003 Ruby Sapphire","Unknown Set",299.99,299.99,299.99,1,0,0,0,0
261,"1999 Recuperateur 74/102","Base Set",299.95,299.95,299.95,1,0,0,0,0
262,"Butterfree expedition 5/165","Expedition",299,299,299,1,0,0,0,0
263,"JAPANESE PROMO #003/P","Unknown Set",299,299,299,1,0,0,0,0
264,"CHARIZARD 4/102 1999","Base Set",299,299,299,1,0,0,0,0
265,"Espeon (1)","Neo Discovery",299,133,55.99,8,0,0,0,0
266,"Shining Kabutops","Neo Destiny",297.37,232.44,137.55,5,0,0,0,0
267,"Rayquaza VMAX (Alternate Art Secret)","SWSH07: Evolving Skies",290.62,290.62,290.62,1,0,0,0,0
268,"Dark Charizard (4)","Team Rocket",286.35,161.91,79.18,5,0,0,0,0
269,"Celebrations Mini Tin Display","Celebrations",284.95,284.95,284.95,1,0,0,0,0
270,"Gym Heroes Booster Pack [Unlimited Edition]","Gym Heroes",284,284,284,1,0,0,0,0
271,"Light Arcanine","Neo Destiny",281.08,163.96,75.48,5,0,0,0,0
272,"Umbreon 012/025 S8a","Unknown Set",280.88,280.88,280.88,1,0,0,0,0
273,"CHARIZARD BASE SET","Base Set",280,280,280,1,0,0,0,0
274,"Celebrations Collection Case","Celebrations",275,275,275,1,0,0,0,0
275,"Neo Genesis Theme Deck - "Hotfoot"","Neo Genesis",275,275,275,1,0,0,0,0
276,"2000 Dark Charizard","Team Rocket",275,275,275,1,0,0,0,0
277,"Wartortle 42/102 Base","Base Set",275,275,275,1,0,0,0,0
278,"Twilight Masquerade Factory","Unknown Set",274.95,274.95,274.95,1,0,0,0,0
279,"Suicune (H25)","Aquapolis",273,155.13,60.57,5,0,0,0,0
280,"Kingdra (148)","Aquapolis",271.94,223.22,138.33,5,0,0,0,0
281,"Crown Zenith Mini Tin Display","Crown Zenith",271.89,271.89,271.89,1,0,0,0,0
282,"cards full lot","Unknown Set",270,270,270,1,0,0,0,0
283,"Entei (6)","Neo Revelation",266.22,137.53,44.67,9,0,0,0,0
284,"Team Rocket Booster Pack [Unlimited Edition]","Team Rocket",265.7,265.7,265.7,1,0,0,0,0
285,"VINTAGE 2000 Charizard","Unknown Set",262.24,262.24,262.24,1,0,0,0,0
286,"Silver Tempest Pokemon Center Elite Trainer Box (Exclusive)","SWSH12: Silver Tempest",260.83,260.83,260.83,1,0,0,0,0
287,"2000 BLACK STAR","Unknown Set",260,260,260,1,0,0,0,0
288,"Charizard N/M STAR","Unknown Set",259.99,259.99,259.99,1,0,0,0,0
289,"Sabrina's Gengar","Gym Heroes",256.02,148.47,83.95,5,0,0,0,0
290,"2004 Team Rocket","Team Rocket",255,201.66,139.99,3,0,0,0,0
291,"LEGENDARY COLLECTION CHALLENGE!","Legendary Collection",254.99,254.99,254.99,1,0,0,0,0
292,"Dragonite (4)","Fossil",254.8,119.45,28.82,10,0,0,0,0
293,"Dark Tyranitar","Neo Destiny",250,122.89,43.12,5,0,0,0,0
294,"Pokémon Erika's Dragonair","Gym Heroes",250,250,250,1,0,0,0,0
295,"Charizard Rainbow Golden","Unknown Set",250,250,250,1,0,0,0,0
296,"1999 Fossil Unlimited","Fossil",250,250,250,1,0,0,0,0
297,"pikachu vmax","Unknown Set",250,250,250,1,0,0,0,0
298,"Shiny Charizard 079/073","Unknown Set",250,250,250,1,0,0,0,0
299,"Houndour (5)","Neo Discovery",250,72.4,17.21,7,0,0,0,0
300,"Pokémon Blastoise Venusaur","Celebrations",250,250,250,1,0,0,0,0
301,"NM-MINT 2010 KYOGRE","Unknown Set",250,250,250,1,0,0,0,0
302,"Mew (19)","Expedition",250,129.85,54.83,10,0,0,0,0
303,"2019 Charizard Sun","Unknown Set",250,250,250,1,0,0,0,0
304,"Yugioh Battles Legend","Unknown Set",249.99,249.99,249.99,1,0,0,0,0
305,"2002 Expedition Raichu","Expedition",249.99,249.99,249.99,1,0,0,0,0
306,"Umbreon","Aquapolis",249.99,103.77,29.21,10,0,0,0,0
307,"Pokémon 1999 Pocket","Unknown Set",249.99,249.99,249.99,1,0,0,0,0
308,"2000 Topps Animation","Unknown Set",249.99,249.99,249.99,1,0,0,0,0
309,"Gem Mint Dark","Team Rocket",249.99,214.99,179.99,2,0,0,0,0
310,"Venusaur","Base Set (Shadowless)",249.54,135.87,71.88,5,0,0,0,0
311,"Japanese Battle Reader","Unknown Set",249.13,249.13,249.13,1,0,0,0,0
312,"Lucky Stadium Trainer","Unknown Set",249,249,249,1,0,0,0,0
313,"Nidoking 11/102 1999","Base Set",249,249,249,1,0,0,0,0
314,"Gym Challenge Booster Pack [Unlimited Edition]","Gym Challenge",247.99,247.99,247.99,1,0,0,0,0
315,"Charizard 130 Base","Base Set",247.99,247.99,247.99,1,0,0,0,0
316,"Celebrations Elite Trainer Box","Celebrations",246.61,246.61,246.61,1,0,0,0,0
317,"Aquapolis Zapdos (7702)","Aquapolis",246.4,246.4,246.4,1,0,0,0,0
318,"Base Set 2 Booster Pack","Base Set 2",245.47,245.47,245.47,1,0,0,0,0
319,"Shining Steelix","Neo Destiny",242.5,179.84,102.16,5,0,0,0,0
320,"2004 Scrye Magazine","Unknown Set",240,240,240,1,0,0,0,0
321,"Japanese Japanese Jungle","Jungle",240,240,240,1,0,0,0,0
322,"Lot Charizard Promo","Unknown Set",240,240,240,1,0,0,0,0
323,"2003 Dragon Ninjask","Unknown Set",239.99,239.99,239.99,1,0,0,0,0
324,"Arcanine (H2)","Aquapolis",239.99,178.84,132.54,4,0,0,0,0
325,"2006 Crystal Guardians","Unknown Set",239.99,239.99,239.99,1,0,0,0,0
326,"Celebrations Collection Case [Dragapult Prime]","Celebrations",239.94,239.94,239.94,1,0,0,0,0
327,"Fossil Booster Pack [Unlimited Edition]","Fossil",230.94,230.94,230.94,1,0,0,0,0
328,"NEW Unopened Sword","Unknown Set",228.88,228.88,228.88,1,0,0,0,0
329,"Japanese Neo Houndour","Unknown Set",228.8,228.8,228.8,1,0,0,0,0
330,"Vaporeon (12)","Jungle",228.23,52.49,4.05,10,0,0,0,0
331,"Jungle Booster Pack [Unlimited Edition]","Jungle",225.81,225.81,225.81,1,0,0,0,0
332,"AGS Vivid Voltage","Unknown Set",225,225,225,1,0,0,0,0
333,"SEALED Vivid Voltage","Unknown Set",225,225,225,1,0,0,0,0
334,"Zapdos (H32)","Aquapolis",225,111.02,45.22,5,0,0,0,0
335,"Temporal Forces Factory","Unknown Set",224.99,224.99,224.99,1,0,0,0,0
336,"Fusion Strike Elite Trainer Box","SWSH08: Fusion Strike",224.22,224.22,224.22,1,0,0,0,0
337,"Promo Magmar Black","Unknown Set",224,224,224,1,0,0,0,0
338,"Fusion Strike Build & Battle Stadium","SWSH08: Fusion Strike",223.93,223.93,223.93,1,0,0,0,0
339,"Alakazam (1)","Expedition",221.66,70.52,16.07,10,0,0,0,0
340,"Jungle Theme Deck - "Water Blast"","Jungle",220.66,220.66,220.66,1,0,0,0,0
341,"Pikachu VMAX TG29/TG30","Unknown Set",220,132.5,45,2,0,0,0,0
342,"Base Venusaur 15/102","Unknown Set",220,220,220,1,0,0,0,0
343,"Pikachu Vmax Rainbow","Unknown Set",220,220,220,1,0,0,0,0
344,"MINT Ancient Mew","Unknown Set",219.99,219.99,219.99,1,0,0,0,0
345,"Crown Zenith Elite Trainer Box","Crown Zenith",219.75,219.75,219.75,1,0,0,0,0
346,"Misty (18)","Gym Heroes",218.29,75.02,16.88,10,0,0,0,0
347,"Pokémon Charizard Base","Base Set",218,209,200,2,0,0,0,0
348,"1999 TOPPS #E2","Unknown Set",215.96,215.96,215.96,1,0,0,0,0
349,"Shining Noctowl","Neo Destiny",215.72,145.81,60,5,0,0,0,0
350,"Crown Zenith Tin [Set of 3]","Crown Zenith",215.27,215.27,215.27,1,0,0,0,0
351,"Shining Tyranitar","Neo Destiny",214,214,214,1,0,0,0,0
352,"1999 GAME MACHOP","Unknown Set",213.07,213.07,213.07,1,0,0,0,0
353,"BLACK STAR PROMO","Unknown Set",209.99,209.99,209.99,1,0,0,0,0
354,"GYARADOS 6/102 CHINESE","Base Set",209.95,209.95,209.95,1,0,0,0,0
355,"MINT Meowth Sealed","Unknown Set",208.88,208.88,208.88,1,0,0,0,0
356,"Shining Gyarados","Neo Revelation",208.7,208.7,208.7,1,0,0,0,0
357,"LEGENDARY COLLECTION THE","Legendary Collection",204.99,204.99,204.99,1,0,0,0,0
358,"Slowking (H22)","Aquapolis",204.57,106.58,45,5,0,0,0,0
359,"Umbreon Secret Rare","Unknown Set",200,200,200,1,0,0,0,0
360,"Poliwrath 13/102 Base","Base Set",200,106,12,2,0,0,0,0
361,"Pokémon Umbreon And","Unknown Set",200,200,200,1,0,0,0,0
362,"Pokémon Machamp Base","Base Set",200,110,20,2,0,0,0,0
363,"Feraligatr (4)","Neo Genesis",200,69.78,25.75,7,0,0,0,0
364,"2014 Charizard #11","Unknown Set",200,200,200,1,0,0,0,0
365,"Blaine's Katsura's Charizard","Unknown Set",200,200,200,1,0,0,0,0
366,"2012 Japanese Cold","Unknown Set",200,200,200,1,0,0,0,0
367,"2020 SWSH #069","Unknown Set",199.99,199.99,199.99,1,0,0,0,0
368,"2002 Expedition Cloyster","Expedition",199.99,199.99,199.99,1,0,0,0,0
369,"Pokemon 2-Player Starter Set (Revised Base Set Reprint Run)","Base Set",199.99,199.99,199.99,1,0,0,0,0
370,"Eevee Jungle, 1999","Jungle",199.99,199.99,199.99,1,0,0,0,0
371,"2006 Black Star","Unknown Set",199.99,199.99,199.99,1,0,0,0,0
372,"2000 LEAGUE YEAR","Unknown Set",199.99,199.99,199.99,1,0,0,0,0
373,"Umbreon 112/115 Unseen","Unknown Set",199.99,199.99,199.99,1,0,0,0,0
374,"2000 Gym Challenge","Gym Challenge",199.99,124.99,49.99,2,0,0,0,0
375,"Charizard Stormfront 092/092","Unknown Set",199.99,199.99,199.99,1,0,0,0,0
376,"Carddass Charizard charmeleon","Unknown Set",199.99,199.99,199.99,1,0,0,0,0
377,"VAPOREON/FLAREON/JOLTEON NON RARE","Jungle",199.99,199.99,199.99,1,0,0,0,0
378,"POKEDEX Original 1999","Unknown Set",199.99,199.99,199.99,1,0,0,0,0
379,"BLASTOISE 2/130 Base","Base Set",199.95,199.95,199.95,1,0,0,0,0
380,"Raichu 025/092 1st","Unknown Set",199.95,199.95,199.95,1,0,0,0,0
381,"2021 Celebrations 17/17","Celebrations",199.95,174.95,149.95,2,0,0,0,0
382,"French 1999 Rattata","Base Set",199.95,199.95,199.95,1,0,0,0,0
383,"French Goupix Vulpix","Base Set",199.95,199.95,199.95,1,0,0,0,0
384,"1st Base Set","Base Set",199.95,199.95,199.95,1,0,0,0,0
385,"Devolution Spray 72/102","Unknown Set",199,199,199,1,0,0,0,0
386,"Clefairy Doll 70/102","Unknown Set",199,199,199,1,0,0,0,0
387,"Pichu base expedition","Expedition",199,199,199,1,0,0,0,0
388,"Electrode SV57 Secret","Unknown Set",199,199,199,1,0,0,0,0
389,"1999 Pokémon Blastoise","Unknown Set",199,199,199,1,0,0,0,0
390,"Charizard No.006 Vintage","Unknown Set",198.99,198.99,198.99,1,0,0,0,0
391,"Sea & Sky Premium Collection","Crown Zenith",197.98,197.98,197.98,1,0,0,0,0
392,"Dark Raichu","Team Rocket",197.74,76.25,25.42,7,0,0,0,0
393,"Squirtle","Legendary Collection",197.08,38.02,0.34,7,0,0,0,0
394,"Rare Holographic Machamp","Unknown Set",196,196,196,1,0,0,0,0
395,"Typhlosion (18)","Neo Genesis",195,93.83,48.42,7,0,0,0,0
396,"Shiny Star s4a","Unknown Set",194.99,194.99,194.99,1,0,0,0,0
397,"Charizard Celebrations Bleed","Celebrations",192.57,192.57,192.57,1,0,0,0,0
398,"Crown Zenith Premium Figure Collection [Shiny Zacian]","Crown Zenith",192.46,192.46,192.46,1,0,0,0,0
399,"Vintage 1999 WoTC","Jungle",190,190,190,1,0,0,0,0
400,"Jungle Theme Deck - "Power Reserve"","Jungle",189.99,189.99,189.99,1,0,0,0,0
401,"Spectrum (Haunter) from","Base Set",189.95,189.95,189.95,1,0,0,0,0
402,"Brilliant Stars Pokemon Center Elite Trainer Box (Exclusive)","SWSH09: Brilliant Stars",187.78,187.78,187.78,1,0,0,0,0
403,"Pikachu 1st gen","Unknown Set",185,185,185,1,0,0,0,0
404,"Game Sword Shield","Unknown Set",184.48,184.48,184.48,1,0,0,0,0
405,"Crown Zenith Premium Figure Collection [Shiny Zamazenta]","Crown Zenith",181.04,181.04,181.04,1,0,0,0,0
406,"Scizor (H21)","Aquapolis",180.99,92.68,37.26,5,0,0,0,0
407,"Leafeon VMAX (Alternate Art Secret)","SWSH07: Evolving Skies",180.78,180.78,180.78,1,0,0,0,0
408,"Team Rocket Theme Deck - "Trouble"","Team Rocket",180.08,180.08,180.08,1,0,0,0,0
409,"2012 Charizard #11","Unknown Set",180,180,180,1,0,0,0,0
410,"Base Set 2 Theme Deck - "Hot Water"","Base Set 2",180,180,180,1,0,0,0,0
411,"2016 Togedemaru Japanese","Unknown Set",180,180,180,1,0,0,0,0
412,"Pokémon Mega-Charizard-EX Generations","Unknown Set",180,180,180,1,0,0,0,0
413,"Celebi (3)","Neo Revelation",180,78.47,10,9,0,0,0,0
414,"Sword Shield Vivid","Unknown Set",179.99,179.99,179.99,1,0,0,0,0
415,"1998 P.M. Japanese","Unknown Set",179.95,179.95,179.95,1,0,0,0,0
416,"Snorlax","Legendary Collection",179.33,35.48,2.27,6,0,0,0,0
417,"Fossil Theme Deck - "LockDown"","Fossil",177.79,177.79,177.79,1,0,0,0,0
418,"Lugia V (Alternate Full Art)","SWSH12: Silver Tempest",177.12,177.12,177.12,1,0,0,0,0
419,"Houndoom (15)","Aquapolis",175,48.49,16.01,10,0,0,0,0
420,"Shining Fates Collection","Unknown Set",175,175,175,1,0,0,0,0
421,"Two Umbreon One","Unknown Set",175,175,175,1,0,0,0,0
422,"Speical Delivery Charizard","Unknown Set",175,175,175,1,0,0,0,0
423,"Pokémon Charizard VMAX","Unknown Set",175,172.5,170,2,0,0,0,0
424,"Charizard No.006 Prism","Unknown Set",175,175,175,1,0,0,0,0
425,"Neo Destiny Light","Neo Destiny",174.99,174.99,174.99,1,0,0,0,0
426,"Zapdos","Base Set (Shadowless)",174.97,83.46,21.84,6,0,0,0,0
427,"Jolteon (4)","Jungle",174.26,67.58,16.1,10,0,0,0,0
428,"Ninetales (H19)","Aquapolis",173.75,99.67,60.58,5,0,0,0,0
429,"Lotad Deoxys","Unknown Set",173.46,173.46,173.46,1,0,0,0,0
430,"Venusuar DPBP#003 Rare","Unknown Set",172.53,172.53,172.53,1,0,0,0,0
431,"Hoopa V Box / Dragonite V Box [Set of 2]","SWSH08: Fusion Strike",172.52,172.52,172.52,1,0,0,0,0
432,"Dragonite V (Alternate Full Art)","SWSH07: Evolving Skies",172.5,172.5,172.5,1,0,0,0,0
433,"Light Dragonite","Neo Destiny",170.27,106.55,60.96,5,0,0,0,0
434,"Charmander Team Rocket,","Team Rocket",169.99,169.99,169.99,1,0,0,0,0
435,"Celebrations Prime Collection","Celebrations",169.7,169.7,169.7,1,0,0,0,0
436,"Rocket's Mewtwo","Gym Challenge",167.67,109.36,63.52,5,0,0,0,0
437,"Slowking","Neo Genesis",166.5,53.21,13.54,10,0,0,0,0
438,"Glaceon VMAX (Alternate Art Secret)","SWSH07: Evolving Skies",166.35,166.35,166.35,1,0,0,0,0
439,"Sylveon VMAX (Alternate Art Secret)","SWSH07: Evolving Skies",162.52,162.52,162.52,1,0,0,0,0
440,"Houndoom (4)","Neo Discovery",160.55,55.8,15.92,7,0,0,0,0
441,"Celebrations Complete Set","Celebrations",160,160,160,1,0,0,0,0
442,"PIKACHU Red Cheeks","Jungle",159.77,159.77,159.77,1,0,0,0,0
443,"Sabrina's Gengar","Gym Challenge",159.04,62.5,21.99,7,0,0,0,0
444,"GEM MINT Salazzle","Unknown Set",158.88,158.88,158.88,1,0,0,0,0
445,"Umbreon 062/080 Foil","Unknown Set",158.69,158.69,158.69,1,0,0,0,0
446,"Charizard (40)","Expedition",157.47,68.14,22.04,10,0,0,0,0
447,"Blastoise","Base Set",156.91,86.81,40.97,5,0,0,0,0
448,"Pichu","Neo Genesis",154.66,71.85,22.58,10,0,0,0,0
449,"2016 GYARADOS 20TH","Unknown Set",153,153,153,1,0,0,0,0
450,"Glaceon / Leafeon VSTAR Special Collection [Set of 2]","SWSH09: Brilliant Stars",152.71,152.71,152.71,1,0,0,0,0
451,"Chinese Poliwrath First","Base Set",150,150,150,1,0,0,0,0
452,"Pikachu Japanese Base","Base Set",150,150,150,1,0,0,0,0
453,"Pokémon Jolteon Jungle","Jungle",150,150,150,1,0,0,0,0
454,"2021 Celebrations Umbreon","Celebrations",150,150,150,1,0,0,0,0
455,"Breeder 1999 Base","Base Set",150,150,150,1,0,0,0,0
456,"Pokémon Mewtwo Base","Base Set",150,100,50,2,0,0,0,0
457,"Pikachu VMAX Vivid","Unknown Set",150,150,150,1,0,0,0,0
458,"Pokémon Umbreon Black","Unknown Set",150,150,150,1,0,0,0,0
459,"Pristine 10, Sudowoodo","Unknown Set",150,150,150,1,0,0,0,0
460,"Clefable (7)","Expedition",150,35.07,7.55,10,0,0,0,0
461,"Pokémon Blastoise Base","Base Set",150,150,150,1,0,0,0,0
462,"2022 VSTAR UNIVERSE","Unknown Set",150,110,70,2,0,0,0,0
463,"Pikachu VMAX 188/185","Unknown Set",150,150,150,1,0,0,0,0
464,"Pokémon Typhlosion Neo","Neo Genesis",150,150,150,1,0,0,0,0
465,"English Hidden Legends","Unknown Set",150,150,150,1,0,0,0,0
466,"Charizard Foil Topps","Unknown Set",150,150,150,1,0,0,0,0
467,"Gengar (48)","Expedition",149.99,64.6,12.37,10,0,0,0,0
468,"First Movie Promotional","Unknown Set",149.99,149.99,149.99,1,0,0,0,0
469,"1999 Fossil Muk","Fossil",149.99,149.99,149.99,1,0,0,0,0
470,"Blaine's CHARIZARD No.006","Fossil",149.99,149.99,149.99,1,0,0,0,0
471,"Meiji Get Umbreon","Unknown Set",149.99,149.99,149.99,1,0,0,0,0
472,"2003 Skyridge Snorlax","Skyridge",149.99,149.99,149.99,1,0,0,0,0
473,"Mint Power Keepers","Unknown Set",149.99,149.99,149.99,1,0,0,0,0
474,"2002 League Black","Unknown Set",149.99,149.99,149.99,1,0,0,0,0
475,"Eevee Heroes VMAX","Unknown Set",149.99,149.99,149.99,1,0,0,0,0
476,"2003 Skyridge Farfetch'd","Skyridge",149.99,149.99,149.99,1,0,0,0,0
477,"Haunter 6/62 Fossil","Fossil",149.99,149.99,149.99,1,0,0,0,0
478,"Blastoise 009 PROMO","Unknown Set",149.99,149.99,149.99,1,0,0,0,0
479,"Espeon","Aquapolis",149.99,76.47,30,10,0,0,0,0
480,"2003 Skyridge Politoed","Skyridge",149.99,149.99,149.99,1,0,0,0,0
481,"Dark Feraligatr","Neo Destiny",149.97,75.46,33.25,5,0,0,0,0
482,"Pokémon Booster Pack","Unknown Set",149.96,149.96,149.96,1,0,0,0,0
483,"1999 Charmeleon #24","Unknown Set",149.95,149.95,149.95,1,0,0,0,0
484,"Moltres (12)","Fossil",148.75,54.25,11.62,10,0,0,0,0
485,"Ampharos","Neo Revelation",148.47,50.44,11.37,9,0,0,0,0
486,"Dark Dragonite (5)","Team Rocket",147.97,81.34,34.69,5,0,0,0,0
487,"Celebrations Premium Figure Collection [Pikachu VMAX]","Celebrations",147.66,147.66,147.66,1,0,0,0,0
488,"Eevee","Aquapolis",147.65,36.67,5.56,9,0,0,0,0
489,"Ampharos (H1)","Aquapolis",147.29,75.78,32.99,5,0,0,0,0
490,"Crown Zenith Mini Tin [Set of 5]","Crown Zenith",146.87,146.87,146.87,1,0,0,0,0
491,"Crown Zenith Tin [Set of 3] (International Version)","Crown Zenith",146.61,146.61,146.61,1,0,0,0,0
492,"Gengar","Legendary Collection",142.97,70.76,31.42,5,0,0,0,0
493,"Meganium (11)","Neo Genesis",142.5,53.37,20.05,9,0,0,0,0
494,"Scizor (10)","Neo Discovery",142.5,56.42,15.03,9,0,0,0,0
495,"Meganium Neo Base","Unknown Set",141.94,141.94,141.94,1,0,0,0,0
496,"1999 Game Raticate","Unknown Set",141.94,141.94,141.94,1,0,0,0,0
497,"Shining Magikarp","Neo Revelation",141.59,141.59,141.59,1,0,0,0,0
498,"Fusion Strike Sleeved Booster Pack Bundle [Set of 8]","SWSH08: Fusion Strike",141.37,141.37,141.37,1,0,0,0,0
499,"Politoed (8)","Neo Discovery",140,39.68,11.8,7,0,0,0,0
500,"Raichu (14)","Fossil",140,39.96,6.24,10,0,0,0,0
501,"2017 Mewtwo #39","Unknown Set",140,140,140,1,0,0,0,0
502,"2000 Rocket #53","Unknown Set",140,140,140,1,0,0,0,0
503,"Squirtle (132)","Expedition",140,34.85,4.08,10,0,0,0,0
504,"Blastoise Japanese Expedition","Expedition",139.99,139.99,139.99,1,0,0,0,0
505,"False Okido Imposter","Unknown Set",139.95,139.95,139.95,1,0,0,0,0
506,"2016 NINETALES 20TH","Unknown Set",139.69,139.69,139.69,1,0,0,0,0
507,"Tyranitar (12)","Neo Discovery",139.35,71.1,33.63,6,0,0,0,0
508,"Urshifu VMAX Premium Collection [Set of 2]","SWSH08: Fusion Strike",138.75,138.75,138.75,1,0,0,0,0
509,"Celebrations Collector Chest","Celebrations",136.46,136.46,136.46,1,0,0,0,0
510,"Mint Fossil Lapras","Fossil",135,135,135,1,0,0,0,0
511,"2000 P.M. Japanese","Unknown Set",134.99,134.99,134.99,1,0,0,0,0
512,"Espeon VMAX (Alternate Art Secret)","SWSH08: Fusion Strike",134.93,134.93,134.93,1,0,0,0,0
513,"Articuno (2)","Fossil",134.69,50.21,8.84,10,0,0,0,0
514,"Clefairy","Base Set (Shadowless)",133.79,49.7,16.52,5,0,0,0,0
515,"Zapdos (15)","Fossil",133.77,36.43,4.8,10,0,0,0,0
516,"Mew (55)","Expedition",133.68,48.08,15.07,10,0,0,0,0
517,"Butterfree (5)","Expedition",133.33,46.14,8.06,9,0,0,0,0
518,"Pikachu vmax","Unknown Set",133.04,133.04,133.04,1,0,0,0,0
519,"Raichu","Base Set (Shadowless)",131.66,69.6,27,5,0,0,0,0
520,"Sword Shield Seven-Eleven","Unknown Set",131.12,131.12,131.12,1,0,0,0,0
521,"Game Japanese Red's","Unknown Set",130,130,130,1,0,0,0,0
522,"Tapu Koko- 017","Unknown Set",129.99,129.99,129.99,1,0,0,0,0
523,"Blastoise Base Set","Base Set",129.99,129.99,129.99,1,0,0,0,0
524,"Charizard HP100 012/029","Unknown Set",129.99,129.99,129.99,1,0,0,0,0
525,"Meganium (10)","Neo Genesis",129.85,50.83,17.57,9,0,0,0,0
526,"Erika's Venusaur","Gym Challenge",128.94,75.32,36.07,5,0,0,0,0
527,"Dragonite (43)","Expedition",128,48.8,10.64,10,0,0,0,0
528,"Brilliant Stars Elite Trainer Box","SWSH09: Brilliant Stars",127.66,127.66,127.66,1,0,0,0,0
529,"Dark Blastoise (3)","Team Rocket",127.42,77.91,41.99,5,0,0,0,0
530,"Blaine's Charizard","Gym Challenge",126.92,126.92,126.92,1,0,0,0,0
531,"Raichu (25)","Expedition",126.34,45.63,10.98,10,0,0,0,0
532,"Brock's Rhydon","Gym Heroes",126.33,33.49,8.13,7,0,0,0,0
533,"1998 Pikachu Togepi","Unknown Set",126,126,126,1,0,0,0,0
534,"Pidgeot (8)","Jungle",125.08,36.44,7.4,10,0,0,0,0
535,"VULPIX Base Set","Base Set",125,125,125,1,0,0,0,0
536,"2022 JPN. SV-P","Scarlet",125,125,125,1,0,0,0,0
537,"Charizard 076/S-P Pristine","Unknown Set",125,125,125,1,0,0,0,0
538,"Surfing Pikachu VMAX","Celebrations",125,19.26,3.5,9,0,0,0,0
539,"Pristine 10, Chikorita","Unknown Set",125,125,125,1,0,0,0,0
540,"English Deoxys Crobat","Unknown Set",125,125,125,1,0,0,0,0
541,"9.5 Ho-oh #250,","Unknown Set",125,125,125,1,0,0,0,0
542,"2016 Evolutions Charizard","Unknown Set",125,125,125,2,0,0,0,0
543,"Pokémon Alakazam Base","Base Set",125,120,115,2,0,0,0,0
544,"1999 Fossil Prerelease","Fossil",124.99,124.99,124.99,1,0,0,0,0
545,"2003 Skyridge Poliwhirl","Skyridge",124.99,124.99,124.99,1,0,0,0,0
546,"2004 Japanese Nidoqueen","Unknown Set",124.99,124.99,124.99,1,0,0,0,0
547,"Dark Alakazam -2000","Team Rocket",124.99,124.99,124.99,1,0,0,0,0
548,"Japanese Luxray 004/012","Unknown Set",124.99,124.99,124.99,1,0,0,0,0
549,"Celebrations Premium Playmat Collection [Pikachu V-UNION]","Celebrations",124.55,124.55,124.55,1,0,0,0,0
550,"Pikachu VMAX CSR","Unknown Set",124.49,124.49,124.49,1,0,0,0,0
551,"Dark Houndoom","Neo Destiny",124.37,63.36,31.8,7,0,0,0,0
552,"Celebrations Special Collection - V Memories","Celebrations",124.07,124.07,124.07,1,0,0,0,0
553,"Blissey","Neo Revelation",122.32,43.81,16.77,9,0,0,0,0
554,"Celebrations Collection [Pikachu V-UNION]","Celebrations",122.22,122.22,122.22,1,0,0,0,0
555,"Umbreon (32)","Neo Discovery",121.44,57.6,24.14,9,0,0,0,0
556,"Feraligatr (5)","Neo Genesis",121.29,56.92,24.31,7,0,0,0,0
557,"Ninetales","Base Set (Shadowless)",121.27,46.28,15.87,5,0,0,0,0
558,"Crown Zenith Pin Collection [Set of 3]","Crown Zenith",120.99,120.99,120.99,1,0,0,0,0
559,"charizard","Unknown Set",120,120,120,1,0,0,0,0
560,"Over 100 Cards","Unknown Set",120,120,120,1,0,0,0,0
561,"cards (my old","Unknown Set",120,120,120,1,0,0,0,0
562,"1999 Pikachu #58","Base Set",120,120,120,1,0,0,0,0
563,"Sword&Shield Japanese Umbreon","Unknown Set",120,120,120,1,0,0,0,0
564,"Pikachu VMAX TG17/TG30","Unknown Set",120,120,120,1,0,0,0,0
565,"Base Set 2 Theme Deck - "Grass Chopper"","Base Set 2",120,120,120,1,0,0,0,0
566,"Pokémon Articuno Fossil","Fossil",120,120,120,1,0,0,0,0
567,"Pokémon Pikachu VMAX","Unknown Set",120,48.29,5,12,0,0,0,0
568,"Gem Mint Magmar","Team Rocket",119.99,119.99,119.99,1,0,0,0,0
569,"Weezing HeartGold Collection","Unknown Set",119.99,119.99,119.99,1,0,0,0,0
570,"Gem Mint Quagsire","Team Rocket",119.99,119.99,119.99,1,0,0,0,0
571,"Blastoise (37)","Expedition",119.99,43.56,8.77,10,0,0,0,0
572,"BLAINE'S CHARIZARD Foil","Gym Challenge",119.99,119.99,119.99,1,0,0,0,0
573,"Pokémon 151 Pikachu","Unknown Set",119.99,119.99,119.99,1,0,0,0,0
574,"Blastoise (36)","Expedition",119.95,47.26,10.72,10,0,0,0,0
575,"Chinchou Non 55/111","Neo Genesis",119.74,119.74,119.74,1,0,0,0,0
576,"SUPER RARE CHARIZARD","Unknown Set",119.4,119.4,119.4,1,0,0,0,0
577,"Vivid Voltage Ultra","Unknown Set",119,119,119,1,0,0,0,0
578,"1999 Japanese Feraligatr","Unknown Set",119,119,119,1,0,0,0,0
579,"Umbreon VMAX 094/069","Unknown Set",118.88,118.88,118.88,1,0,0,0,0
580,"Fossil Theme Deck - "BodyGuard"","Fossil",117.93,117.93,117.93,1,0,0,0,0
581,"Crown Zenith Booster Bundle","Crown Zenith",117.1,117.1,117.1,1,0,0,0,0
582,"Arceus V Figure Collection","SWSH09: Brilliant Stars",116.8,116.8,116.8,1,0,0,0,0
583,"Umbreon V (Alternate Full Art)","SWSH07: Evolving Skies",116.02,116.02,116.02,1,0,0,0,0
584,"Brilliant Stars Build & Battle Stadium","SWSH09: Brilliant Stars",115.25,115.25,115.25,1,0,0,0,0
585,"Charizard Evolutions 2016","Unknown Set",115,115,115,1,0,0,0,0
586,"Typhlosion Delta Japanese","Unknown Set",115,115,115,1,0,0,0,0
587,"BULBASAUR 44/102 Base","Base Set",115,67.48,19.95,2,0,0,0,0
588,"CHARIZARD VSTAR #212","Unknown Set",115,115,115,1,0,0,0,0
589,"2014 Promo XY10","Unknown Set",114.99,114.99,114.99,1,0,0,0,0
590,"Smeargle (11)","Neo Discovery",114,36.87,13.2,7,0,0,0,0
591,"Venusaur","Base Set",113.99,63.94,30.17,5,0,0,0,0
592,"Nidoking","Base Set (Shadowless)",113.66,50.67,19.07,5,0,0,0,0
593,"Alakazam","Base Set (Shadowless)",110.47,56.24,24.99,5,0,0,0,0
594,"Scyther (10)","Jungle",110.23,37.66,7.13,10,0,0,0,0
595,"2021 Single Strike","Unknown Set",110,104.98,99.95,2,0,0,0,0
596,"Mewtwo Blackstar Promo","Unknown Set",109.99,109.99,109.99,1,0,0,0,0
597,"Charizard SM226 Promo","Unknown Set",109.99,109.99,109.99,1,0,0,0,0
598,"CHARIZARD #211 VSTAR","Unknown Set",109,109,109,1,0,0,0,0
599,"Silver Tempest Build & Battle Stadium","SWSH12: Silver Tempest",108.33,108.33,108.33,1,0,0,0,0
600,"Poliwrath Light BLEED","Unknown Set",106.99,106.99,106.99,1,0,0,0,0
601,"2019 Black Star","Unknown Set",106.99,106.99,106.99,1,0,0,0,0
602,"Flareon (3)","Jungle",105.09,57.64,16.16,10,0,0,0,0
603,"Misdreavus","Neo Revelation",105.03,40.13,18.13,7,0,0,0,0
604,"7.5 First edition","Unknown Set",105,105,105,1,0,0,0,0
605,"Kids Charizard Nintendo","Unknown Set",104.99,104.99,104.99,1,0,0,0,0
606,"Dark Charizard (21)","Team Rocket",104.35,43.31,21.69,7,0,0,0,0
607,"Misty's Gyarados","Gym Challenge",104.23,64.6,34.17,5,0,0,0,0
608,"Pikachu VMAX Premium Collection","Crown Zenith",103.15,103.15,103.15,1,0,0,0,0
609,"Blastoise","Base Set 2",102.11,60.32,32.9,5,0,0,0,0
610,"Base Set Unlimited","Base Set",100.8,28.2,0.99,9,0,0,0,0
611,"1999 Japanese Sabrina's","Unknown Set",100,100,100,1,0,0,0,0
612,"Bulbasaur","Legendary Collection",100,17.9,0.55,6,0,0,0,0
613,"8.5 Brock's Ninetales","Unknown Set",100,100,100,1,0,0,0,0
614,"SQUIRTLE Base Set","Base Set",100,100,100,1,0,0,0,0
615,"Pikachu VMAX Ultra","Unknown Set",100,100,100,1,0,0,0,0
616,"Mint Farfetch'd Base","Base Set",100,100,100,1,0,0,0,0
617,"Charizard 181/SM-P Indonesian","Unknown Set",100,100,100,2,0,0,0,0
618,"Charizard Pokémon Celebrations","Celebrations",100,100,100,1,0,0,0,0
619,"Shipsfast Shining Fates","Unknown Set",100,100,100,1,0,0,0,0
620,"cards buy now","Unknown Set",100,100,100,1,0,0,0,0
621,"Charizard Hidden Fates","Unknown Set",100,100,100,1,0,0,0,0
622,"Dark Charizard Rare","Team Rocket",100,100,100,1,0,0,0,0
623,"2003 Skyridge Snubbull","Skyridge",99.99,99.99,99.99,1,0,0,0,0
624,"Umbreon 020/SM-P Indonesian","Unknown Set",99.99,99.99,99.99,1,0,0,0,0
625,"Pokémon Rare Articuno","Fossil",99.99,99.99,99.99,1,0,0,0,0
626,"2000 Gym Heroes","Gym Heroes",99.99,99.99,99.99,1,0,0,0,0
627,"(POP PRISTINE 2004","Unknown Set",99.99,99.99,99.99,1,0,0,0,0
628,"2003 Skyridge Mystery","Skyridge",99.99,99.99,99.99,1,0,0,0,0
629,"2003 Skyridge Hoothoot","Skyridge",99.99,99.99,99.99,1,0,0,0,0
630,"Umbreon 094/203 Prize","Unknown Set",99.99,99.99,99.99,1,0,0,0,0
631,"2003 Skyridge Voltorb","Skyridge",99.99,99.99,99.99,1,0,0,0,0
632,"Charizard N/M No.006","Unknown Set",99.99,99.99,99.98,2,0,0,0,0
633,"Charizard Dark No.006","Team Rocket",99.99,99.99,99.99,1,0,0,0,0
634,"2001 Neo Discovery","Neo Discovery",99.99,99.99,99.99,2,0,0,0,0
635,"Aquapolis Exeggutor Non","Aquapolis",99.99,99.99,99.99,1,0,0,0,0
636,"Charizard Dark N/M","Team Rocket",99.99,93.32,79.99,3,0,0,0,0
637,"Charizard VMAX GEM","Unknown Set",99.97,99.97,99.97,1,0,0,0,0
638,"Saquedeneu (Tangela) 66/102","Unknown Set",99.95,99.95,99.95,1,0,0,0,0
639,"Magneti Magnemite #53","Base Set",99.95,99.95,99.95,1,0,0,0,0
640,"1999 Haunter #29","Unknown Set",99.95,99.95,99.95,1,0,0,0,0
641,"Stari Starmie #65","Base Set",99.95,99.95,99.95,1,0,0,0,0
642,"Rare Foil Blastoise","Unknown Set",99.95,99.95,99.95,1,0,0,0,0
643,"💦HOLOGRAPHIC BLASTOISE 1999","Base Set",99.95,99.95,99.95,1,0,0,0,0
644,"Umbreon Vmax 048/069","Unknown Set",99.95,99.95,99.95,1,0,0,0,0
645,"Giovanni (18)","Gym Challenge",99.79,35.98,12.7,6,0,0,0,0
646,"Floatzel Shining Fates","Unknown Set",99,99,99,1,0,0,0,0
647,"Fossil Ekans","Fossil",99,99,99,1,0,0,0,0
648,"2020 Vivid Voltage","Unknown Set",99,99,99,1,0,0,0,0
649,"2000 Sabrina's Abra","Unknown Set",98.31,98.31,98.31,1,0,0,0,0
650,"Silver Tempest Elite Trainer Box","SWSH12: Silver Tempest",98.19,98.19,98.19,1,0,0,0,0
651,"PIKACHU 60/64 Jungle","Jungle",97.97,97.97,97.97,1,0,0,0,0
652,"Brilliant Stars Sleeved Booster Pack Bundle [Set of 8]","SWSH09: Brilliant Stars",97.13,97.13,97.13,1,0,0,0,0
653,"Pokemon Celebrations Tin [Lance's Charizard V]","Celebrations",96.13,96.13,96.13,1,0,0,0,0
654,"Expedition Clefable (2189)","Expedition",95.2,95.2,95.2,1,0,0,0,0
655,"2003 Dragon 91/97","Unknown Set",95,95,95,1,0,0,0,0
656,"1999 Zapdos 16/102","Base Set",95,95,95,1,0,0,0,0
657,"2020 Charizard Theme","Unknown Set",95,95,95,1,0,0,0,0
658,"Pokémon Squirtle Base","Base Set",95,95,95,1,0,0,0,0
659,"Sun and Moon","Unknown Set",94.95,94.95,94.95,1,0,0,0,0
660,"Charizard #006 Excellent","Unknown Set",94.48,94.48,94.48,1,0,0,0,0
661,"Pokémon Umbreon 2000","Unknown Set",94.05,94.05,94.05,1,0,0,0,0
662,"Lapras (10)","Fossil",93.35,31.49,3.43,10,0,0,0,0
663,"Celebrations Collection [Dark Sylveon V]","Celebrations",93.29,93.29,93.29,1,0,0,0,0
664,"Nidoqueen (7)","Jungle",92.99,29.67,6.42,10,0,0,0,0
665,"carta Flying Pikachu","Unknown Set",92.51,92.51,92.51,1,0,0,0,0
666,"Sabrina (20)","Gym Challenge",92.29,40.02,16.39,7,0,0,0,0
667,"Ursaring (15)","Neo Discovery",92.13,32.4,13.32,7,0,0,0,0
668,"English Supreme Victors","Unknown Set",92,92,92,1,0,0,0,0
669,"Ditto (3)","Fossil",91.32,30.65,7.77,10,0,0,0,0
670,"Venomoth (13)","Jungle",91.26,23.66,6.35,10,0,0,0,0
671,"Celebrations Collection [Lance's Charizard V]","Celebrations",91.06,91.06,91.06,1,0,0,0,0
672,"Mr. Mime (6)","Jungle",90.75,26.5,6.08,10,0,0,0,0
673,"Steelix","Neo Genesis",90.71,35.07,7.69,10,0,0,0,0
674,"Umbreon Vmax 214/203","Unknown Set",90,90,90,1,0,0,0,0
675,"English Brilliant Stars","Brilliant Stars",90,90,90,1,0,0,0,0
676,"Pokémon Bulbasaur Base","Base Set",90,90,90,1,0,0,0,0
677,"Venusaur","Legendary Collection",89.99,51.9,25.22,5,0,0,0,0
678,"Starmie No. 121","Neo Revelation",89.99,89.99,89.99,1,0,0,0,0
679,"Magmar 44/109 Team","Team Rocket",89.99,89.99,89.99,1,0,0,0,0
680,"Hitmonchan Expansion Pack","Unknown Set",89.99,89.99,89.99,1,0,0,0,0
681,"Charizard No. 006","Unknown Set",89.99,89.99,89.99,1,0,0,0,0
682,"Charizard #006 Promo","Unknown Set",89.98,89.98,89.98,1,0,0,0,0
683,"Omanyte 41/144 Skyridge","Skyridge",89.95,89.95,89.95,1,0,0,0,0
684,"Pokémon Pinsir Jungle","Jungle",89.94,89.94,89.94,1,0,0,0,0
685,"2005 EMERALD CAMERUPT","Unknown Set",89.16,89.16,89.16,1,0,0,0,0
686,"Umbreon 2004 Nintendo","Unknown Set",89,89,89,1,0,0,0,0
687,"THAI Espeon Deoxys","Unknown Set",89,89,89,1,0,0,0,0
688,"Vileplume (15)","Jungle",88.86,24.89,6.09,10,0,0,0,0
689,"Rocket's Snorlax","Gym Heroes",88.62,29.89,12.9,9,0,0,0,0
690,"Brock (15)","Gym Heroes",86.81,31.34,10.06,10,0,0,0,0
691,"Charizard V (Alternate Full Art)","SWSH09: Brilliant Stars",86.81,86.81,86.81,1,0,0,0,0
692,"GEM MINT Pikachu","Unknown Set",86.73,86.73,86.73,1,0,0,0,0
693,"Blaine's Moltres","Gym Heroes",86.2,49.87,23.43,5,0,0,0,0
694,"Aerodactyl (1)","Fossil",85.81,27.65,6.76,10,0,0,0,0
695,"Meowth 102/101 Secret","Unknown Set",85.58,85.58,85.58,1,0,0,0,0
696,"Charizard Evolutions Rare","Unknown Set",85,85,85,1,0,0,0,0
697,"Champion's Path RARE","Unknown Set",85,85,85,1,0,0,0,0
698,"Evolutions Mewtwo and","Unknown Set",85,85,85,1,0,0,0,0
699,"Wartortle Base Set","Base Set",85,85,85,1,0,0,0,0
700,"Pokémon Alakazam 1/102,","Base Set",84.99,84.99,84.99,1,0,0,0,0
701,"Buzzwole SM69 Black","Unknown Set",84.99,84.99,84.99,1,0,0,0,0
702,"Hitmontop (3)","Neo Discovery",84.95,21.45,4.43,7,0,0,0,0
703,"Mewtwo Base Set","Base Set",84.88,50.69,16.5,2,0,0,0,0
704,"Heracross","Neo Genesis",83.76,34.65,8.82,10,0,0,0,0
705,"Dark Hypno (9)","Team Rocket",83.07,28.27,9.27,7,0,0,0,0
706,"Wigglytuff (16)","Jungle",82.99,29.3,7.83,10,0,0,0,0
707,"Erika (16)","Gym Heroes",82.83,34.68,11.23,10,0,0,0,0
708,"Misty's Seadra","Gym Heroes",81.56,24,6.65,7,0,0,0,0
709,"Red's Pikachu MAX","Unknown Set",81.12,80.56,79.99,2,0,0,0,0
710,"2000 GAME PROMO","Unknown Set",80,80,80,1,0,0,0,0
711,"Leonhart Unlimited Edition","Unknown Set",80,80,79.99,2,0,0,0,0
712,"champions path charizard","Unknown Set",80,80,80,1,0,0,0,0
713,"Umbreon VMAX Evolving","Evolving Skies",80,80,80,1,0,0,0,0
714,"Pokémon Charizard Evolutions","Unknown Set",80,60,39.99,2,0,0,0,0
715,"2002 Pokémon Wind","Unknown Set",79.99,79.99,79.99,1,0,0,0,0
716,"Pokémon Umbreon VMAX","Evolving Skies",79.99,38.16,14.5,3,0,0,0,0
717,"1999 Jungle Kangaskhan","Jungle",79.99,79.99,79.99,1,0,0,0,0
718,"Bulbasaur and Ivysaur","Base Set",79.99,79.99,79.99,1,0,0,0,0
719,"Swoop Teleporter Team","Team Rocket",79.99,79.99,79.99,1,0,0,0,0
720,"2001 League Black","Unknown Set",79.99,79.99,79.99,1,0,0,0,0
721,"Evolutions Chansey Clefairy","Unknown Set",79.99,79.99,79.99,1,0,0,0,0
722,"NM-MT Magnemite Base","Base Set",79.99,79.99,79.99,1,0,0,0,0
723,"Charizard No.006 Neo","Unknown Set",79.99,79.99,79.99,2,0,0,0,0
724,"Porygon2","Neo Revelation",79.98,39.16,12.6,9,0,0,0,0
725,"Mew Double Blaze","Unknown Set",79.95,79.95,79.95,1,0,0,0,0
726,"Umbreon 047/069 Eevee","Unknown Set",79.95,79.95,79.95,1,0,0,0,0
727,"Thought Wave Machine","Neo Destiny",79.95,79.95,79.95,1,0,0,0,0
728,"Togepi 50/109 English","Team Rocket",79.79,79.79,79.79,1,0,0,0,0
729,"Glaceon VSTAR Special Collection","SWSH09: Brilliant Stars",79.02,79.02,79.02,1,0,0,0,0
730,"Charizard 006 Foil","Unknown Set",78.8,78.8,78.8,1,0,0,0,0
731,"Rocket's Scyther","Gym Heroes",78.54,40.19,17.29,5,0,0,0,0
732,"Leafeon VSTAR Special Collection","SWSH09: Brilliant Stars",78.19,78.19,78.19,1,0,0,0,0
733,"Haunter (6)","Fossil",78.16,33.42,7.21,10,0,0,0,0
734,"Fusion Strike Build & Battle Box","SWSH08: Fusion Strike",78.05,78.05,78.05,1,0,0,0,0
735,"Eevee Umbreon Espeon","Unknown Set",76.94,76.94,76.94,1,0,0,0,0
736,"German Base Fossil","Fossil",76.67,76.67,76.67,1,0,0,0,0
737,"Hitmonlee (7)","Fossil",76.53,27.25,6.65,10,0,0,0,0
738,"Kangaskhan (5)","Jungle",76.51,19.38,2.06,10,0,0,0,0
739,"Flareon","Legendary Collection",76.48,39.83,22.78,5,0,0,0,0
740,"Silver Tempest Sleeved Booster Pack Bundle [Set of 8]","SWSH12: Silver Tempest",76.39,76.39,76.39,1,0,0,0,0
741,"Togetic","Neo Genesis",75.54,32.89,9.83,10,0,0,0,0
742,"Victreebel (14)","Jungle",75.4,26.07,6.26,10,0,0,0,0
743,"Single Strike Urshifu VMAX Premium Collection","SWSH08: Fusion Strike",75.05,75.05,75.05,1,0,0,0,0
744,"Pokémon Light Vaporeon","Neo Destiny",75,75,75,1,0,0,0,0
745,"Pokémon Charizard Celebrations:","Celebrations",75,75,75,1,0,0,0,0
746,"🔥HOLOGRAPHIC CHARIZARD🔥 B/W","Unknown Set",75,75,75,1,0,0,0,0
747,"Champion's Path Hatterene","Unknown Set",75,75,75,1,0,0,0,0
748,"HOLOGRAPHIC ALAKAZAM🌀 Rare","Base Set",75,75,75,1,0,0,0,0
749,"Cards","Unknown Set",75,75,75,1,0,0,0,0
750,"🔥COSMOS FOIL CHARIZARD🔥","Unknown Set",75,75,75,1,0,0,0,0
751,"2000 Japanese Meiji","Unknown Set",75,75,75,1,0,0,0,0
752,"Pokémon Pidgeot Jungle","Jungle",75,75,75,1,0,0,0,0
753,"MACHAMP💥 1999 First","Base Set",75,75,75,1,0,0,0,0
754,"1999-2000 Base Set","Base Set",74.99,64.99,54.99,2,0,0,0,0
755,"Ninetales 12/102 Base","Base Set",74.99,62.5,50,2,0,0,0,0
756,"Exploud 92/100 Crystal","Unknown Set",74.99,74.99,74.99,1,0,0,0,0
757,"1999 Fossil #21","Fossil",74.99,74.99,74.99,1,0,0,0,0
758,"Pokémon 1996 Pocket","Unknown Set",74.99,74.99,74.99,1,0,0,0,0
759,"Misty’s Horsea","Unknown Set",74.99,74.99,74.99,1,0,0,0,0
760,"2003 Sandstorm Umbreon","Unknown Set",74.99,74.99,74.99,1,0,0,0,0
761,"Lysandre 104/106 Flashfire","Unknown Set",74.99,74.99,74.99,1,0,0,0,0
762,"Raikou #243 Awakening","Unknown Set",74.95,69.98,65,2,0,0,0,0
763,"Manaphy 4/12 Half","Unknown Set",74.95,74.95,74.95,1,0,0,0,0
764,"Pokémon Venomoth Jungle","Jungle",74.89,74.89,74.89,1,0,0,0,0
765,"Dragonite V Box","SWSH08: Fusion Strike",74.56,74.56,74.56,1,0,0,0,0
766,"Silver Tempest Booster Bundle","SWSH12: Silver Tempest",73.36,73.36,73.36,1,0,0,0,0
767,"Magneton","Neo Revelation",73.3,27.31,7.1,9,0,0,0,0
768,"Venusaur","Base Set 2",73.03,43.71,23.64,5,0,0,0,0
769,"Rapid Strike Urshifu VMAX Premium Collection","SWSH08: Fusion Strike",72.7,72.7,72.7,1,0,0,0,0
770,"Venusaur 20/132 English","Unknown Set",72.28,72.28,72.28,1,0,0,0,0
771,"Single Rapid Strike","Unknown Set",72.12,72.12,72.12,1,0,0,0,0
772,"MINT Onix GERMAN","Base Set",71.88,71.88,71.88,1,0,0,0,0
773,"urshifu booster box","Unknown Set",71.33,71.33,71.33,1,0,0,0,0
774,"Kabutops (9)","Fossil",70.95,25.87,6.06,10,0,0,0,0
775,"Alakazam Base Set","Base Set",70.61,50.28,29.95,2,0,0,0,0
776,"Rocket's Moltres","Gym Heroes",70.2,40.97,21.29,5,0,0,0,0
777,"Magnemite (7)","Neo Discovery",70.15,21.23,5.2,7,0,0,0,0
778,"Poliwrath","Base Set (Shadowless)",70.04,38.15,17.55,5,0,0,0,0
779,"PIKACHU #367 MEWTWO","Unknown Set",70,70,70,1,0,0,0,0
780,"EVOLVING SKIES PACK","Evolving Skies",70,70,70,1,0,0,0,0
781,"English Neo Genesis","Neo Genesis",70,70,70,1,0,0,0,0
782,"Pokémon Raichu Expedition","Base Set",70,70,70,1,0,0,0,0
783,"Aerodactyl 1999 Fossil","Fossil",70,70,70,1,0,0,0,0
784,"2003 Skyridge Non-","Skyridge",69.99,69.99,69.99,1,0,0,0,0
785,"Alolan Vulpix Hidden","Unknown Set",69.99,69.99,69.99,1,0,0,0,0
786,"Charizard Japanese No.012/052","Unknown Set",69.99,69.99,69.99,1,0,0,0,0
787,"2019 Sun Moon","Unknown Set",69.99,30.66,13.79,5,0,0,0,0
788,"Entei #244 Japanese","Neo Revelation",69.99,69.99,69.99,1,0,0,0,0
789,"Sword Shield Elite","Unknown Set",69.99,69.99,69.99,1,0,0,0,0
790,"1999 Mewtwo Base","Base Set",69.99,69.99,69.99,1,0,0,0,0
791,"Lightning Energie Mint","Base Set",69.95,69.95,69.95,1,0,0,0,0
792,"Grass Energie Mint","Base Set",69.95,69.95,69.95,1,0,0,0,0
793,"KOFFING BASE Set","Base Set",69.95,69.95,69.95,1,0,0,0,0
794,"Porygon 39/102 Base","Base Set",69.95,69.95,69.95,1,0,0,0,0
795,"MINT 2018 DRAGON","Unknown Set",69.69,69.69,69.69,1,0,0,0,0
796,"Crobat","Neo Revelation",68.95,39,15.99,10,0,0,0,0
797,"Rocket's Zapdos","Gym Challenge",68.48,41.16,18.64,5,0,0,0,0
798,"RARE LOT VMAX","Unknown Set",67.95,67.95,67.95,1,0,0,0,0
799,"Promo Mudkip Black","Unknown Set",67.2,67.2,67.2,1,0,0,0,0
800,"Team Rocket Unlimited","Team Rocket",67.2,53.2,39.2,2,0,0,0,0
801,"Dark Gyarados (8)","Team Rocket",67,34.78,13.69,5,0,0,0,0
802,"Dark Typhlosion 10/105","Neo Destiny",66.52,66.52,66.52,1,0,0,0,0
803,"Umbreon Promo Near","Unknown Set",66.52,66.52,66.52,1,0,0,0,0
804,"Wailord 14/92 English","Unknown Set",66.2,66.2,66.2,1,0,0,0,0
805,"Pinsir (9)","Jungle",65.66,22.9,5.29,10,0,0,0,0
806,"2021 Evolving Skies","Evolving Skies",65.53,65.53,65.53,1,0,0,0,0
807,"Mew VMAX (Alternate Art Secret)","SWSH08: Fusion Strike",65.31,65.31,65.31,1,0,0,0,0
808,"cards Charizard New","Unknown Set",65,65,65,1,0,0,0,0
809,"Pokémon Poliwrath Base","Base Set",65,65,65,1,0,0,0,0
810,"Umbreon (full Art)","Unknown Set",65,65,65,1,0,0,0,0
811,"English Ruby Sapphire","Unknown Set",65,65,65,1,0,0,0,0
812,"Pikachu VMAX 044/185","Unknown Set",65,28.19,18,8,0,0,0,0
813,"FCG Gem Mint","Scarlet",65,65,65,1,0,0,0,0
814,"🔥FOIL CHARIZARD🔥 Rare","Unknown Set",65,65,65,1,0,0,0,0
815,"Pikachu Base Set","Base Set",65,65,65,1,0,0,0,0
816,"Alakazam 1/102 Base","Base Set",65,65,65,1,0,0,0,0
817,"TYPHLOSION (2006) Dragon","Unknown Set",64.95,64.95,64.95,1,0,0,0,0
818,"1997 Japanese Fossil","Fossil",64.95,64.95,64.95,1,0,0,0,0
819,"Charizard VSTAR (SWSH262/281)","Unknown Set",64.95,64.95,64.95,1,0,0,0,0
820,"MAGNEMITE Base Set","Base Set",64,56.5,49,2,0,0,0,0
821,"Espeon (20)","Neo Discovery",62.7,23.44,4.76,10,0,0,0,0
822,"Bulbasaur 45/100 English","Unknown Set",62.45,62.45,62.45,1,0,0,0,0
823,"Toxicroak Full Art","Unknown Set",60,60,60,1,0,0,0,0
824,"🔥2021 Pokémon Celebrations","Celebrations",60,60,60,1,0,0,0,0
825,"Pokémon Pyroli Jungle","Base Set",60,60,60,1,0,0,0,0
826,"1999 FOSSIL EXCELLENT","Fossil",60,60,60,1,0,0,0,0
827,"Gem Mint 2020","Unknown Set",59.99,59.99,59.99,1,0,0,0,0
828,"2020 Charizard VMAX","Unknown Set",59.99,59.99,59.99,1,0,0,0,0
829,"Eevee Espeon Umbreon","Unknown Set",59.99,45.4,30.8,2,0,0,0,0
830,"Pokémon Chansey 3/102,","Base Set",59.99,59.99,59.99,1,0,0,0,0
831,"Umbreon Japanese Nintendo","Unknown Set",59.98,59.98,59.98,1,0,0,0,0
832,"Fighting Energie Mint","Base Set",59.95,59.95,59.95,1,0,0,0,0
833,"Jolteon","Legendary Collection",59.73,36.23,21.63,5,0,0,0,0
834,"Yugioh Blazing Vortex","Unknown Set",59.38,59.38,59.38,1,0,0,0,0
835,"Umbreon 55/124 2016","Unknown Set",59,59,59,1,0,0,0,0
836,"Unown [A] (14)","Neo Discovery",58.97,16.17,3.09,7,0,0,0,0
837,"Clefable (1)","Jungle",57.9,23.98,6.12,10,0,0,0,0
838,"2022 Japanese 079","Unknown Set",57.76,57.76,57.76,1,0,0,0,0
839,"Lugia","Neo Revelation",57.5,25.74,8.93,10,0,0,0,0
840,"Feraligatr 8/123 English","Unknown Set",57.24,57.24,57.24,1,0,0,0,0
841,"Ivysaur 51/132 English","Unknown Set",57.24,57.24,57.24,1,0,0,0,0
842,"Erika's Dragonair","Gym Heroes",57.23,35.16,19.82,5,0,0,0,0
843,"Zapdos-16/102 Rare Base","Base Set",56.95,56.95,56.95,1,0,0,0,0
844,"Silver Tempest 3 Pack Blister [Set of 2]","SWSH12: Silver Tempest",56.86,56.86,56.86,1,0,0,0,0
845,"Ampharos","Neo Genesis",56.59,24.89,7.92,10,0,0,0,0
846,"Yanma (17)","Neo Discovery",56.57,23.9,6.41,8,0,0,0,0
847,"Gengar (20)","Fossil",56.51,18.34,5.24,10,0,0,0,0
848,"Dark Alakazam (1)","Team Rocket",56.4,32.67,14.68,5,0,0,0,0
849,"Arceus AR5 Rare","Unknown Set",56.26,56.26,56.26,1,0,0,0,0
850,"Alakazam","Base Set",56.16,27.93,12.44,6,0,0,0,0
851,"Vivid Voltage Pikachu","Unknown Set",55.99,45.49,34.99,2,0,0,0,0
852,"1999 P.M. JAPANESE","Unknown Set",55.96,55.96,55.96,1,0,0,0,0
853,"Dark Typhlosion","Neo Destiny",55.81,30.85,13.92,5,0,0,0,0
854,"Kabutops (6)","Neo Discovery",55.74,34.32,17.94,5,0,0,0,0
855,"Charizard 11/108 Evolutions","Unknown Set",55.69,55.69,55.69,1,0,0,0,0
856,"Heracross Gym Heroes","Gym Heroes",55,55,55,1,0,0,0,0
857,"Pikachu VMAX SWSH","Unknown Set",55,55,55,1,0,0,0,0
858,"Pokémon Charmander 46/102","Base Set",55,55,55,1,0,0,0,0
859,"2013 Black White","Unknown Set",55,55,55,1,0,0,0,0
860,"MACHAMP 1999 Base","Base Set",55,55,55,1,0,0,0,0
861,"Charizard MINT RARE","Unknown Set",54.99,54.99,54.99,1,0,0,0,0
862,"PIKACHU #001 CELEBRATIONS","Celebrations",54.99,54.99,54.99,1,0,0,0,0
863,"Blissey No. 242","Neo Revelation",54.99,54.99,54.99,1,0,0,0,0
864,"Rainbow Melmetal max","Unknown Set",54.99,54.99,54.99,1,0,0,0,0
865,"Charizard Vmax 20/189","Unknown Set",54.99,54.99,54.99,1,0,0,0,0
866,"Persian 50/113 English","Unknown Set",54.93,54.93,54.93,1,0,0,0,0
867,"Kingdra","Neo Genesis",54.65,20.83,4.55,10,0,0,0,0
868,"Hypno (8)","Fossil",54.53,22.71,5.92,10,0,0,0,0
869,"Dark Porygon2 8/105","Neo Destiny",54,54,54,1,0,0,0,0
870,"Delibird","Neo Revelation",53.03,29.12,12.05,9,0,0,0,0
871,"Alakazam","Legendary Collection",52.99,28.89,12.66,5,0,0,0,0
872,"Dark Blastoise (20)","Team Rocket",52.71,20.9,9.27,7,0,0,0,0
873,"Raticate Base Set","Base Set",52.45,28.72,4.99,2,0,0,0,0
874,"Latios 23/106 English","Unknown Set",52.04,52.04,52.04,1,0,0,0,0
875,"Starmie 44/144 English","Skyridge",52.04,52.04,52.04,1,0,0,0,0
876,"Azumarill","Neo Genesis",51.98,21.31,7.76,10,0,0,0,0
877,"Electrode (2)","Jungle",51.65,20.43,6.09,10,0,0,0,0
878,"Hitmonchan","Base Set (Shadowless)",51.17,23.61,9.23,5,0,0,0,0
879,"Pokémon Lt. Surge's","Gym Heroes",51,51,51,1,0,0,0,0
880,"Fall 2022 Collector Chest","SWSH12: Silver Tempest",50.97,50.97,50.97,1,0,0,0,0
881,"2000 GAME #87","Unknown Set",50.36,47.16,43.96,2,0,0,0,0
882,"FOIL CHARIZARD🔥 Legendary","Unknown Set",50,50,50,1,0,0,0,0
883,"25th Anniversary Booster","Unknown Set",50,50,50,1,0,0,0,0
884,"Salamence 10/97 Dragon","Unknown Set",50,50,50,1,0,0,0,0
885,"Pokémon Charmander Base","Base Set",50,50,50,1,0,0,0,0
886,"shining fates pikachu","Unknown Set",50,50,50,1,0,0,0,0
887,"Promo LOT 2012","Unknown Set",50,50,50,1,0,0,0,0
888,"Houndoom Japanese Reviving","Unknown Set",50,50,50,1,0,0,0,0
889,"🔥HOLOGRAPHIC CHARIZARD🔥 Legendary","Unknown Set",50,50,50,1,0,0,0,0
890,"Pokémon 1999 Bicycle","Team Rocket",50,50,50,1,0,0,0,0
891,"Pikachu 25th Anniversary","Unknown Set",50,35,20,2,0,0,0,0
892,"Unbroken Bonds Secret","Unknown Set",50,50,50,1,0,0,0,0
893,"2004 Fire Red","Unknown Set",50,50,50,1,0,0,0,0
894,"NEW SHINING FATES","Unknown Set",50,50,50,1,0,0,0,0
895,"Raichu 14/102 Base","Unknown Set",50,50,50,1,0,0,0,0
896,"Pokémon Radiant Charizard","Unknown Set",50,30.25,15.99,4,0,0,0,0
897,"Scyther SV1/SV94 Sun","Unknown Set",50,50,50,1,0,0,0,0
898,"Gyarados Base Set","Base Set",50,50,50,1,0,0,0,0
899,"Evolving Skies Booster","Evolving Skies",50,45,40,2,0,0,0,0
900,"Mint Gardevoir SV75/SV94","Unknown Set",50,50,50,1,0,0,0,0
901,"Japanese Tyranitar 020/052","Unknown Set",50,50,50,1,0,0,0,0
902,"2016 Steelix #67","Unknown Set",50,50,50,1,0,0,0,0
903,"diglett |47/102| fight","Base Set",50,50,50,1,0,0,0,0
904,"Dragonite 149 1997","Fossil",50,50,50,1,0,0,0,0
905,"Staryu Vintage 1999","Base Set",49.99,49.99,49.99,1,0,0,0,0
906,"2003 Skyidge Diglett","Unknown Set",49.99,49.99,49.99,1,0,0,0,0
907,"Pokémon ROCKET'S MOLTRES","Gym Heroes",49.99,49.99,49.99,1,0,0,0,0
908,"2000 Japanese Neo","Unknown Set",49.99,49.99,49.99,1,0,0,0,0
909,"PIKACHU VMAX 044/185","Unknown Set",49.99,49.99,49.99,1,0,0,0,0
910,"Gabite Hidden Fates","Unknown Set",49.99,49.99,49.99,1,0,0,0,0
911,"Champions Path Full","Unknown Set",49.95,49.95,49.95,1,0,0,0,0
912,"Darkness Ablaze Gem","Unknown Set",49.95,49.95,49.95,3,0,0,0,0
913,"SWSH Venusaur Smiling","Unknown Set",49.95,49.95,49.95,1,0,0,0,0
914,"Vivid Voltage Gem","Unknown Set",49.95,49.95,49.95,1,0,0,0,0
915,"Carnivine Black Star","Unknown Set",49.95,49.95,49.95,1,0,0,0,0
916,"1999 Staryu Base","Base Set",49.95,49.95,49.95,1,0,0,0,0
917,"Hidden Fates Gem","Unknown Set",49.95,49.95,49.95,2,0,0,0,0
918,"Bulbasaur 12/17 Common","Unknown Set",49.92,49.92,49.92,1,0,0,0,0
919,"1999 Potion #94","Unknown Set",49.89,49.89,49.89,1,0,0,0,0
920,"Brilliant Stars Sleeved Booster Pack Art Bundle [Set of 4]","SWSH09: Brilliant Stars",49.68,49.68,49.68,1,0,0,0,0
921,"Dark Machamp (10)","Team Rocket",49.59,30.09,13.49,5,0,0,0,0
922,"Smeargle 39/101 English","Unknown Set",49.44,49.44,49.44,1,0,0,0,0
923,"Pikachu Vmax 044/185","Unknown Set",49.07,20.01,8,8,0,0,0,0
924,"Dark Arbok (2)","Team Rocket",49.05,13.82,2.61,7,0,0,0,0
925,"Umbreon, Flareon, Eevee,","Unknown Set",49,49,49,1,0,0,0,0
926,"Umbreon, GX, mint","Unknown Set",49,49,49,1,0,0,0,0
927,"CHARIZARD VSTAR 019","Crown Zenith",49,49,49,1,0,0,0,0
928,"Umbreon Zoroark Lycanroc","Unknown Set",48.99,40.5,32,2,0,0,0,0
929,"Gyarados","Base Set (Shadowless)",48.96,29.27,20.92,5,0,0,0,0
930,"Jumpluff","Neo Revelation",48.53,24.06,8.98,8,0,0,0,0
931,"Umbreon rainbow rare","Unknown Set",48,48,48,1,0,0,0,0
932,"Azumarill #184 Neo","Neo Destiny",47.99,47.99,47.99,1,0,0,0,0
933,"Base Set Growlithe","Base Set",47.5,47.5,47.5,1,0,0,0,0
934,"Magneton","Base Set (Shadowless)",47.17,27.96,13.69,5,0,0,0,0
935,"Dark Dragonite","Legendary Collection",47.05,47.05,47.05,1,0,0,0,0
936,"NEW SEALED PIKACHU","Unknown Set",46.55,46.55,46.55,1,0,0,0,0
937,"Lucario Shikishi Art","Unknown Set",45.76,45.76,45.76,1,0,0,0,0
938,"Pokémon Zapdos Base","Base Set",45,45,45,1,0,0,0,0
939,"Pikachu VMAX 044","Unknown Set",45,45,45,1,0,0,0,0
940,"2022 SWSH Astral","Unknown Set",45,45,45,1,0,0,0,0
941,"ULTRA RARE Charizard","Unknown Set",45,45,45,1,0,0,0,0
942,"Erika's Vileplume 5/132","Gym Heroes",45,45,45,1,0,0,0,0
943,"Gyarados Base unlimited","Unknown Set",45,45,45,1,0,0,0,0
944,"Mewtwo Base set","Base Set",45,45,45,1,0,0,0,0
945,"umbreon Team plasma","Unknown Set",45,45,45,1,0,0,0,0
946,"Rare 1999 Base","Base Set",45,45,45,1,0,0,0,0
947,"1998 CPU ERROR","Unknown Set",45,45,45,1,0,0,0,0
948,"2021 Japanese Peerless","Unknown Set",44.99,44.99,44.99,1,0,0,0,0
949,"Charizard Generations RC5/RC32","Unknown Set",44.99,44.99,44.99,1,0,0,0,0
950,"Charizard N/M 001/016","Unknown Set",44.99,44.99,44.99,1,0,0,0,0
951,"Lapras 10/62 Fossil","Fossil",44.95,44.95,44.95,1,0,0,0,0
952,"ALAKAZAM 1/130 Base","Base Set",44.95,44.95,44.95,1,0,0,0,0
953,"Giovanni's Persian 8/132","Gym Challenge",44.95,44.95,44.95,1,0,0,0,0
954,"Arcanine 15/147 Supreme","Unknown Set",44.95,44.95,44.95,1,0,0,0,0
955,"Skarmory","Neo Genesis",44.72,22.51,6.48,10,0,0,0,0
956,"Raichu","Base Set",44.57,23.04,9.19,5,0,0,0,0
957,"Bellossom","Neo Genesis",44.33,18.36,7.36,10,0,0,0,0
958,"Zapdos 15/62 Fossil","Fossil",44,44,44,1,0,0,0,0
959,"Pokémon Heracross Neo","Neo Genesis",44,44,44,1,0,0,0,0
960,"Charizard 025/185 Play","Unknown Set",43.95,43.95,43.95,1,0,0,0,0
961,"Skarmory 55/113 English","Unknown Set",43.08,43.08,43.08,1,0,0,0,0
962,"Ninetales","Legendary Collection",42.98,19.28,6.45,5,0,0,0,0
963,"Charizard 1/99 Rare","Unknown Set",42.79,42.79,42.79,1,0,0,0,0
964,"Karnimani 67/101 German","Unknown Set",42.79,42.79,42.79,1,0,0,0,0
965,"Magneton (11)","Fossil",42.16,15.22,3.48,10,0,0,0,0
966,"Suicune (27)","Neo Revelation",42.03,19.65,5.07,10,0,0,0,0
967,"Topps Series 1st","Unknown Set",42,42,42,1,0,0,0,0
968,"Dark Magneton (11)","Team Rocket",41.91,21.69,9.02,5,0,0,0,0
969,"Brilliant Stars Build & Battle Box","SWSH09: Brilliant Stars",41.23,41.23,41.23,1,0,0,0,0
970,"Mewtwo","Base Set 2",41.09,21.61,8.73,5,0,0,0,0
971,"Pokémon Haunter Fossil","Fossil",41,41,41,1,0,0,0,0
972,"TCGO Sun Moon:","Unknown Set",40.71,40.71,40.71,1,0,0,0,0
973,"20/101 English Foil","Unknown Set",40.47,40.47,40.47,1,0,0,0,0
974,"Pelipper 26/100 English","Unknown Set",40.47,40.47,40.47,1,0,0,0,0
975,"Weezing 33/113 English","Unknown Set",40.47,40.47,40.47,1,0,0,0,0
976,"Charizard VMax 020/189","Unknown Set",40,40,40,1,0,0,0,0
977,"Mint Fire Energy","Unknown Set",40,40,40,1,0,0,0,0
978,"Japanese Dark Phantasma","Unknown Set",40,40,40,1,0,0,0,0
979,"Pokémon Mega-Charizard Flashfire","Unknown Set",40,40,40,1,0,0,0,0
980,"game Vmax climax","Unknown Set",40,40,40,1,0,0,0,0
981,"base set first","Base Set",40,40,40,1,0,0,0,0
982,"2020 Japanese Charizard","Unknown Set",40,40,40,1,0,0,0,0
983,"1999 Jungle Pikachu","Jungle",40,40,40,1,0,0,0,0
984,"Shield Sword Charizard","Unknown Set",40,40,40,1,0,0,0,0
985,"Machamp","Unknown Set",40,40,40,1,0,0,0,0
986,"Champion's Path Elite","Unknown Set",40,22.5,5,2,0,0,0,0
987,"Mint Fighting Energy","Unknown Set",40,40,40,1,0,0,0,0
988,"Golem 14/165 Rare","Base Set",40,40,40,1,0,0,0,0
989,"Nidoking Rare Base","Base Set",39.99,39.99,39.99,1,0,0,0,0
990,"2003 Skyridge Lure","Skyridge",39.99,37.47,34.95,2,0,0,0,0
991,"cards Charizard Espeon","Unknown Set",39.99,39.99,39.99,1,0,0,0,0
992,"Pokémon 1999 Jungle","Jungle",39.99,39.99,39.99,2,0,0,0,0
993,"Pikachu Electabuzz Black","Unknown Set",39.99,39.99,39.99,1,0,0,0,0
994,"Charizard DPBP#006 2007","Unknown Set",39.99,39.5,39,2,0,0,0,0
995,"TEAM ROCKET FIRST","Team Rocket",39.99,21.99,3.99,2,0,0,0,0
996,"Pokémon Type: Null","Unknown Set",39.99,39.99,39.99,1,0,0,0,0
997,"Palkia Vstar 23/67","Unknown Set",39.95,39.95,39.95,1,0,0,0,0
998,"SWSH Champion Path","Unknown Set",39.95,39.95,39.95,1,0,0,0,0
999,"Unown WOTC Black","Unknown Set",39.95,39.95,39.95,1,0,0,0,0
1000,"Dusknoir 094/DP-P Nintendo","Unknown Set",39.95,39.95,39.95,1,0,0,0,0
1001,"Ball Guy Shining","Unknown Set",39.69,39.69,39.69,1,0,0,0,0
1002,"Charizard 14/181 Team","Unknown Set",39.46,39.46,39.46,1,0,0,0,0
1003,"Raikou (22)","Neo Revelation",39.32,13.49,4.63,10,0,0,0,0
1004,"Zapdos Base Set","Base Set",39.23,34.6,32.1,4,0,0,0,0
1005,"Dragonite (19)","Fossil",39.22,16.71,4.25,10,0,0,0,0
1006,"Rocket's Hitmonchan","Gym Heroes",39.21,22.86,11.77,5,0,0,0,0
1007,"LAPRAS Fossil Rare","Fossil",39,39,39,1,0,0,0,0
1008,"/Beckett/ Mystery Slabs!","Unknown Set",38.99,38.99,38.99,1,0,0,0,0
1009,"Dark Slowbro (12)","Team Rocket",38.84,22.27,11.59,5,0,0,0,0
1010,"1999 Energy Removal","Unknown Set",38.79,38.79,38.79,1,0,0,0,0
1011,"ARK 8.5 Umbreon","Unknown Set",38.68,38.68,38.68,1,0,0,0,0
1012,"Zapdos","Base Set",38.46,18.57,6.86,5,0,0,0,0
1013,"Brilliant Stars Booster Pack Art Bundle [Set of 4]","SWSH09: Brilliant Stars",38.35,38.35,38.35,1,0,0,0,0
1014,"Tyranitar No.248 Rare","Neo Discovery",38.34,38.34,38.34,1,0,0,0,0
1015,"2021 JAPANESE SWSH","Unknown Set",38,38,38,1,0,0,0,0
1016,"Alakazam Base 1/130","Unknown Set",38,38,38,1,0,0,0,0
1017,"Base Set Jynx","Base Set",38,38,38,2,0,0,0,0
1018,"Mightyena 58/107 English","Unknown Set",37.87,37.87,37.87,1,0,0,0,0
1019,"Crobat 23/123 English","Unknown Set",37.58,37.58,37.58,1,0,0,0,0
1020,"Sharpedo 30/102 English","Unknown Set",37.58,37.58,37.58,1,0,0,0,0
1021,"Phione 27/100 English","Unknown Set",37.58,37.58,37.58,1,0,0,0,0
1022,"Ludicolo 13/132 English","Unknown Set",37.58,37.58,37.58,1,0,0,0,0
1023,"Manectric 28/123 English","Unknown Set",37.58,37.58,37.58,1,0,0,0,0
1024,"Mismagius 19/100 English","Unknown Set",37.58,37.58,37.58,1,0,0,0,0
1025,"Aerodactyl 15/100 English","Unknown Set",37.58,37.58,37.58,1,0,0,0,0
1026,"Magnezone 5/100 English","Unknown Set",37.58,37.58,37.58,1,0,0,0,0
1027,"Mr. Mime 30/123","Unknown Set",37.58,37.58,37.58,1,0,0,0,0
1028,"Minun 32/132 English","Unknown Set",37.58,37.58,37.58,1,0,0,0,0
1029,"Cricketune 32/127 English","Base Set",37.58,37.58,37.58,1,0,0,0,0
1030,"Carnivine 16/102 English","Unknown Set",37.58,37.58,37.58,1,0,0,0,0
1031,"Rapidash 22/100 English","Unknown Set",37.58,37.58,37.58,1,0,0,0,0
1032,"Jumpluff 11/132 English","Unknown Set",37.58,37.58,37.58,1,0,0,0,0
1033,"Furret 27/132 English","Unknown Set",37.58,37.58,37.58,1,0,0,0,0
1034,"Silver Tempest Build & Battle Box","SWSH12: Silver Tempest",37.49,37.49,37.49,1,0,0,0,0
1035,"Brilliant Stars 3 Pack Blister [Glaceon]","SWSH09: Brilliant Stars",37.2,37.2,37.2,1,0,0,0,0
1036,"Pokémon Umbreon Plasma","Unknown Set",37.08,28.06,15,3,0,0,0,0
1037,"CHARIZARD MANA GRADING","Unknown Set",36.99,36.99,36.99,1,0,0,0,0
1038,"Mew 151 Promo","Unknown Set",36.8,36.8,36.8,1,0,0,0,0
1039,"Mewtwo","Base Set",36.78,18.55,8.15,5,0,0,0,0
1040,"Alakazam","Base Set 2",36.39,19.71,10.27,5,0,0,0,0
1041,"Silver Tempest Sleeved Booster Pack Art Bundle [Set of 4]","SWSH12: Silver Tempest",36.29,36.29,36.29,1,0,0,0,0
1042,"Champions Path Charizard","Unknown Set",35.99,23.47,10.94,2,0,0,0,0
1043,"Starya 65/102","Unknown Set",35.95,35.95,35.95,1,0,0,0,0
1044,"Dark Blastoise","Legendary Collection",35.68,35.68,35.68,1,0,0,0,0
1045,"Arceus V (Alternate Full Art)","SWSH09: Brilliant Stars",35.11,35.11,35.11,1,0,0,0,0
1046,"Pokémon Cards","Unknown Set",35,35,35,1,0,0,0,0
1047,"Meowth Promo Black","Unknown Set",35,35,35,1,0,0,0,0
1048,"2020 TALONFLAME #29-","Unknown Set",35,35,35,1,0,0,0,0
1049,"1st Rhyperior (swirl)","Unknown Set",35,35,35,1,0,0,0,0
1050,"RAYQUAZA FULL ART","Evolving Skies",35,35,35,1,0,0,0,0
1051,"25th Anniversary Mcdonalds","Unknown Set",35,35,35,1,0,0,0,0
1052,"Pokémon Ninetales Base","Base Set",35,35,35,1,0,0,0,0
1053,"Machamp 8/102 Rare","Base Set",35,35,35,1,0,0,0,0
1054,"Zeraora 2018 86/214,","Unknown Set",34.99,34.99,34.99,1,0,0,0,0
1055,"Latias Dragon Selection","Unknown Set",34.99,34.99,34.99,1,0,0,0,0
1056,"Suicune 200/214 Lost","Unknown Set",34.99,34.99,34.99,1,0,0,0,0
1057,"2017 Burning Shadows","Unknown Set",34.99,34.99,34.99,1,0,0,0,0
1058,"Pokémon assorted cards","Unknown Set",34.99,34.99,34.99,1,0,0,0,0
1059,"1999 Jungle Oddish","Jungle",34.99,34.99,34.99,1,0,0,0,0
1060,"2020 Gem Mint","Unknown Set",34.99,34.99,34.99,1,0,0,0,0
1061,"Erika's Vileplume #045","Unknown Set",34.95,34.95,34.95,1,0,0,0,0
1062,"1998 JAPANESE GYM","Unknown Set",34.95,34.95,34.95,1,0,0,0,0
1063,"Lt. Surge's Fearow","Gym Heroes",34.53,21.63,11.18,5,0,0,0,0
1064,"Charizard VSTAR (Secret)","SWSH09: Brilliant Stars",34.29,34.29,34.29,1,0,0,0,0
1065,"Houndoom 57/146 English","Unknown Set",34.11,34.11,34.11,1,0,0,0,0
1066,"Wingull 70/100 English","Unknown Set",33.54,33.54,33.54,1,0,0,0,0
1067,"Gyarados","Base Set",33.45,15.13,5.03,5,0,0,0,0
1068,"Trick Trade Custom","Unknown Set",33.26,33.26,33.26,1,0,0,0,0
1069,"Base Set Vulpix","Base Set",33.25,33.25,33.25,1,0,0,0,0
1070,"Giovanni's Gyarados","Gym Challenge",33.06,33.06,33.06,1,0,0,0,0
1071,"Dark Dugtrio (6)","Team Rocket",33.03,18.93,8.34,6,0,0,0,0
1072,"Raichu","Base Set 2",33.01,18.12,8.27,5,0,0,0,0
1073,"Ninetales Rare Base","Base Set",32.99,32.99,32.99,1,0,0,0,0
1074,"Umbreon 1st 031/051","Unknown Set",32.5,32.5,32.5,1,0,0,0,0
1075,"Promo Charizard 030/XY-P","Unknown Set",32,32,32,1,0,0,0,0
1076,"Cards Celebrations 25th","Celebrations",32,32,32,1,0,0,0,0
1077,"Pokémon Sword Shield","Unknown Set",32,22.22,9,4,0,0,0,0
1078,"1999 Pokémon Base","Base Set",31.99,31.99,31.99,1,0,0,0,0
1079,"Charmeleon Sun Moon","Unknown Set",31.98,31.98,31.98,1,0,0,0,0
1080,"Silver Tempest Booster Pack Art Bundle [Set of 4]","SWSH12: Silver Tempest",31.08,31.08,31.08,1,0,0,0,0
1081,"Nidoran 002/048 WEB","Unknown Set",30,30,30,1,0,0,0,0
1082,"Pikachu VMAX SWSH","Celebrations",30,30,30,1,0,0,0,0
1083,"Battle Styles PTCGO","Unknown Set",30,30,30,1,0,0,0,0
1084,"Charizard Braixen 134/SM-P","Unknown Set",30,30,30,2,0,0,0,0
1085,"2014 Evolutions Charizard","Unknown Set",30,30,30,1,0,0,0,0
1086,"Charizard 076/S-P 9.5","Unknown Set",30,30,30,4,0,0,0,0
1087,"Dark Gyarados 2000","Team Rocket",30,30,30,1,0,0,0,0
1088,"Hitmonchan 7/102 Base","Base Set",30,30,30,1,0,0,0,0
1089,"20X Pokémon Shining","Unknown Set",30,30,30,1,0,0,0,0
1090,"Charizard 080/SM-P Indonesian","Unknown Set",30,30,30,1,0,0,0,0
1091,"Nidorino, Base Set","Base Set",30,30,30,1,0,0,0,0
1092,"2020 Pokémon Sword","Unknown Set",29.99,29.99,29.99,1,0,0,0,0
1093,"GALARIAN DARMANITAN VMAX","Unknown Set",29.99,29.99,29.99,1,0,0,0,0
1094,"MACHAMP 8/102 BASE","Base Set",29.99,29.99,29.99,1,0,0,0,0
1095,"PIKACHU VMAX FULL","Unknown Set",29.99,29.99,29.99,1,0,0,0,0
1096,"New! SEALED Booster","Unknown Set",29.99,29.99,29.99,1,0,0,0,0
1097,"Shining Jirachi 42/73","Unknown Set",29.99,29.99,29.99,1,0,0,0,0
1098,"Hidden Fates Umbreon","Unknown Set",29.99,29.99,29.99,1,0,0,0,0
1099,"Mint Platinum Supreme","Unknown Set",29.99,29.99,29.99,1,0,0,0,0
1100,"Champions path elite","Unknown Set",29.99,29.99,29.99,1,0,0,0,0
1101,"Charizard 19/113 Rare","Unknown Set",29.99,29.99,29.99,1,0,0,0,0
1102,"Hitmonchan 7/102, Base","Base Set",29.99,29.99,29.99,1,0,0,0,0
1103,"UMBREON VMAX 095/203","Evolving Skies",29.99,29.99,29.99,1,0,0,0,0
1104,"2022 #056 Mewtwo","Unknown Set",29.99,29.99,29.99,1,0,0,0,0
1105,"2020 Charizard 001/021","Unknown Set",29.99,29.99,29.99,1,0,0,0,0
1106,"Base Set Trainer","Base Set",29.99,29.99,29.99,1,0,0,0,0
1107,"1996 Pokémon Kabuto","Unknown Set",29.99,29.99,29.99,1,0,0,0,0
1108,"Diglett 47/102 Please","Unknown Set",29.99,29.99,29.99,1,0,0,0,0
1109,"Charizard 001/016 Team","Unknown Set",29.98,29.98,29.98,1,0,0,0,0
1110,"Drowzee Miscut Near","Base Set",29.95,29.95,29.95,1,0,0,0,0
1111,"SUBGRADES Full Art","Unknown Set",29.95,29.95,29.95,1,0,0,0,0
1112,"1999 French Lightning","Unknown Set",29.95,29.95,29.95,1,0,0,0,0
1113,"2020 SWSH Vivid","Unknown Set",29.95,29.95,29.95,1,0,0,0,0
1114,"Trading Game Vivid","Unknown Set",29.95,29.95,29.95,1,0,0,0,0
1115,"2022 Brilliant Stars","Brilliant Stars",29.95,29.95,29.95,1,0,0,0,0
1116,"Ninetales Base unlimited","Unknown Set",29.95,29.95,29.95,1,0,0,0,0
1117,"MINT 2021 Shining","Unknown Set",29.95,29.95,29.95,1,0,0,0,0
1118,"2016 Generations Charizard","Unknown Set",29.95,29.95,29.95,1,0,0,0,0
1119,"Cinderace Vmax 019/072","Unknown Set",29.95,29.95,29.95,1,0,0,0,0
1120,"FRESH GRADE Lt.","Unknown Set",29.95,29.95,29.95,1,0,0,0,0
1121,"1999 Full Heal","Unknown Set",29.95,29.95,29.95,1,0,0,0,0
1122,"Water Energie Mint","Base Set",29.95,29.95,29.95,1,0,0,0,0
1123,"Pokémon Mew Evolutions","Unknown Set",29.9,29.9,29.9,1,0,0,0,0
1124,"Chansey","Base Set",29.7,14.69,6.97,5,0,0,0,0
1125,"Wobbuffet (16)","Neo Discovery",29.57,18.46,8.9,6,0,0,0,0
1126,"alakazam base set","Base Set",29.5,29.5,29.5,1,0,0,0,0
1127,"Pokémon Sandstorm Breloom","Unknown Set",29,29,29,1,0,0,0,0
1128,"(5) STICKER SERIES","Unknown Set",29,29,29,1,0,0,0,0
1129,"25th Anniversary General","Unknown Set",29,23.66,19.99,3,0,0,0,0
1130,"Pokémon Charizard Boundaries","Unknown Set",29,29,29,1,0,0,0,0
1131,"Farfetche'd","Unknown Set",29,29,29,1,0,0,0,0
1132,"Pikachu VMAX Figure","Celebrations",28.99,26.49,23.99,2,0,0,0,0
1133,"Umbreon 094/203, Sylveon","Evolving Skies",28.99,28.99,28.99,1,0,0,0,0
1134,"9.5 GEM MINT","Unknown Set",28.95,28.95,28.95,1,0,0,0,0
1135,"Steelix 38/130 English","Unknown Set",28.91,28.91,28.91,1,0,0,0,0
1136,"Baltoy 43/106 English","Unknown Set",28.91,28.91,28.91,1,0,0,0,0
1137,"60/113 English Foil","Unknown Set",28.91,28.91,28.91,1,0,0,0,0
1138,"81/113 German Foil","Unknown Set",28.91,28.91,28.91,1,0,0,0,0
1139,"Wigglytuff 32/106 English","Unknown Set",28.91,28.91,28.91,1,0,0,0,0
1140,"Slowking 28/106 English","Unknown Set",28.91,28.91,28.91,1,0,0,0,0
1141,"Rotom 7/106 English","Unknown Set",28.91,28.91,28.91,1,0,0,0,0
1142,"Hippowdon 25/111 English","Unknown Set",28.91,28.91,28.91,1,0,0,0,0
1143,"Duskull 58/107 English","Unknown Set",28.91,28.91,28.91,1,0,0,0,0
1144,"Shedinja 44/147 English","Unknown Set",28.91,28.91,28.91,1,0,0,0,0
1145,"Corphish 62/110 English","Unknown Set",28.91,28.91,28.91,1,0,0,0,0
1146,"Gabite 59/147 English","Unknown Set",28.91,28.91,28.91,1,0,0,0,0
1147,"Gligar 16/101 English","Unknown Set",28.91,28.91,28.91,1,0,0,0,0
1148,"Dusclops 4/100 English","Unknown Set",28.91,28.91,28.91,1,0,0,0,0
1149,"Unused Evolving Skies","Evolving Skies",28.67,28.67,28.67,1,0,0,0,0
1150,"Pikachu Vmax Full","Unknown Set",28.53,28.53,28.53,1,0,0,0,0
1151,"Lucario 14/95 Shattered","Unknown Set",28.52,28.52,28.52,1,0,0,0,0
1152,"Base Set Metapod","Base Set",28.5,25.66,22.81,2,0,0,0,0
1153,"Umbreon Chips Menko","Unknown Set",28.49,28.49,28.49,1,0,0,0,0
1154,"Pikachu Umbreon Center","Unknown Set",28.49,28.49,28.49,1,0,0,0,0
1155,"Erika's Clefable","Gym Heroes",28.38,18.9,12.36,5,0,0,0,0
1156,"Omastar 26/100 English","Unknown Set",28.33,28.33,28.33,1,0,0,0,0
1157,"Base Set Lot","Base Set",28,28,28,1,0,0,0,0
1158,"Pikachu jungle 60/64","Jungle",28,28,28,1,0,0,0,0
1159,"Pikachu VMAX 031/100","Unknown Set",27.99,22.2,17.8,4,0,0,0,0
1160,"HYPNO 23/62 Fossil","Fossil",27.95,27.95,27.95,1,0,0,0,0
1161,"Poliwrath Base Set","Base Set",27.82,24.25,20.68,2,0,0,0,0
1162,"Magneton Base Set","Base Set",27.82,27.82,27.82,1,0,0,0,0
1163,"Nidoking","Base Set",27.79,15.01,7.59,5,0,0,0,0
1164,"Pidgeot","Base Set 2",27.11,14.05,7.45,5,0,0,0,0
1165,"WOTC English Base","Base Set",27,27,27,1,0,0,0,0
1166,"Dark Vileplume (13)","Team Rocket",27,16.86,8.76,5,0,0,0,0
1167,"Vaporeon 12/64 Jungle","Jungle",26.79,26.79,26.79,1,0,0,0,0
1168,"Gyarados","Base Set 2",26.74,14.19,5.45,5,0,0,0,0
1169,"Mew V (Alternate Full Art)","SWSH08: Fusion Strike",26.48,26.48,26.48,1,0,0,0,0
1170,"Vulpix Base Set","Base Set",26.4,19.18,11.95,2,0,0,0,0
1171,"MINT 2006 DRAGON","Unknown Set",26.24,26.24,26.24,1,0,0,0,0
1172,"Clefairy","Base Set",26.15,13.73,6.82,5,0,0,0,0
1173,"Pokémon Nidorino Base","Base Set",26,26,26,1,0,0,0,0
1174,"ARK 6.5 Umbreon","Unknown Set",25.57,25.57,25.57,1,0,0,0,0
1175,"Japanese Gyarados 023/073","Unknown Set",25.49,25.49,25.49,1,0,0,0,0
1176,"Pikachu VMax CoroCoro","Unknown Set",25.26,25.26,25.26,1,0,0,0,0
1177,"CoroCoro Comic Magazine","Unknown Set",25.21,25.21,25.21,1,0,0,0,0
1178,"Umbreon VMAX 095/203","Evolving Skies",25,24.66,23.99,3,0,0,0,0
1179,"Umbreon 80/149 Sun","Unknown Set",25,20.05,15.1,2,0,0,0,0
1180,"Eternatus VMAX s4a","Unknown Set",25,25,25,1,0,0,0,0
1181,"Eevee 8.5 Rare","Unknown Set",25,25,25,1,0,0,0,0
1182,"HATTERENE #224 VSTAR","Unknown Set",25,25,25,1,0,0,0,0
1183,"2020 Sword And","Unknown Set",25,25,25,1,0,0,0,0
1184,"2016 Evolutions Cracked","Unknown Set",25,25,25,1,0,0,0,0
1185,"cards","Unknown Set",25,16,6.99,2,0,0,0,0
1186,"NM-MT Onix Base","Unknown Set",25,25,25,1,0,0,0,0
1187,"Umbreon 55/124 Fates","Unknown Set",25,25,25,1,0,0,0,0
1188,"Charizard Japanese 030/XY-P","Unknown Set",24.99,24.99,24.99,1,0,0,0,0
1189,"CHARIZARD XY121 BLACK","Unknown Set",24.99,24.99,24.99,1,0,0,0,0
1190,"(2) Charizard SM211","Unknown Set",24.99,24.99,24.99,1,0,0,0,0
1191,"GOLD SECRET RARE","Unknown Set",24.99,24.99,24.99,1,0,0,0,0
1192,"Cynthia's Ambition Brilliant","Brilliant Stars",24.99,24.99,24.99,1,0,0,0,0
1193,"Vivid Voltage Lot","Unknown Set",24.99,24.99,24.99,1,0,0,0,0
1194,"Carddass Weekly News","Unknown Set",24.99,24.99,24.99,1,0,0,0,0
1195,"Smoochum 54/64 Neo","Neo Revelation",24.99,24.99,24.99,1,0,0,0,0
1196,"Ninetales Base Set","Base Set",24.96,24.96,24.96,1,0,0,0,0
1197,"MR. MIME 22/64","Jungle",24.95,24.95,24.95,1,0,0,0,0
1198,"Muk Alolan Muk","Unknown Set",24.95,24.95,24.95,1,0,0,0,0
1199,"Hitmonlee Fossil 7/62","Fossil",24.95,24.95,24.95,1,0,0,0,0
1200,"BROCK’S ONIX Gym","Gym Heroes",24.95,24.95,24.95,1,0,0,0,0
1201,"ARCANINE 23/102 Base","Base Set",24.95,24.95,24.95,1,0,0,0,0
1202,"Ho-Oh Nintendo SM57","Unknown Set",24.95,24.95,24.95,1,0,0,0,0
1203,"DARK JOLTEON 38/82","Team Rocket",24.95,24.95,24.95,1,0,0,0,0
1204,"1999 French Psychic","Unknown Set",24.95,24.95,24.95,1,0,0,0,0
1205,"Zapdos 12/99 Platinum","Unknown Set",24.95,24.95,24.95,1,0,0,0,0
1206,"Holographic Base Set","Base Set",24.95,24.95,24.95,1,0,0,0,0
1207,"Ditto Fossil 18/62","Fossil",24.95,24.95,24.95,1,0,0,0,0
1208,"Pokémon Magneton Fossil","Fossil",24.9,24.9,24.9,1,0,0,0,0
1209,"RAICHU BASE SET","Base Set",24.5,24.5,24.5,1,0,0,0,0
1210,"Scyther","Base Set 2",24.35,13.49,6.72,5,0,0,0,0
1211,"Zapdos","Base Set 2",24.26,13.1,5.74,5,0,0,0,0
1212,"Dark Vileplume 045","Unknown Set",24,24,24,1,0,0,0,0
1213,"1999 DROWZEE 49/102","Base Set",24,24,24,1,0,0,0,0
1214,"Hitmonchan Base set","Base Set",24,24,24,1,0,0,0,0
1215,"Clefairy Base set","Base Set",24,24,24,1,0,0,0,0
1216,"Nidoking","Base Set 2",23.99,12.87,5.79,5,0,0,0,0
1217,"Umbreon VMAX RRR","Unknown Set",23.99,23.99,23.99,1,0,0,0,0
1218,"Base Set Double","Base Set",23.75,23.75,23.75,1,0,0,0,0
1219,"Ninetales","Base Set",23.71,11.2,4.67,5,0,0,0,0
1220,"Nintendo Machamp 8/102","Base Set",23.51,23.51,23.51,1,0,0,0,0
1221,"Base Set Rattata","Base Set",23.49,23.49,23.49,1,0,0,0,0
1222,"Nidoqueen","Base Set 2",23.01,11.92,5.66,5,0,0,0,0
1223,"Cards Base Set","Base Set",23,12.5,2,2,0,0,0,0
1224,"Lot Trading Game","Unknown Set",23,18,13,2,0,0,0,0
1225,"100 Cards-INCLUDES V/VMAX","Unknown Set",22.99,22.99,22.99,1,0,0,0,0
1226,"Sword and Shield","Unknown Set",22.99,18.96,16.95,3,0,0,0,0
1227,"2017 Sun Moon","Unknown Set",22.99,20.23,17.47,2,0,0,0,0
1228,"Chansey 3/130 Base","Unknown Set",22.99,22.99,22.99,1,0,0,0,0
1229,"Celebrations Pikachu VMAX","Celebrations",22.97,22.94,22.9,2,0,0,0,0
1230,"Brock's Ninetales","Gym Challenge",22.94,22.94,22.94,1,0,0,0,0
1231,"MISCUT MISTY’S POLIWAG","Gym Heroes",22.5,22.5,22.5,1,0,0,0,0
1232,"Vivid Voltage Pokémon","Unknown Set",22,22,22,1,0,0,0,0
1233,"Mewtwo 12/18 Detective","Unknown Set",22,22,22,1,0,0,0,0
1234,"2021 SWSH VICTINI","Brilliant Stars",22,22,22,1,0,0,0,0
1235,"Booster Pack 2012-","Unknown Set",22,22,22,1,0,0,0,0
1236,"McDonalds 25th Happy","Unknown Set",21.95,21.95,21.95,1,0,0,0,0
1237,"CHARIZARD CHAMPIONS PATH","Unknown Set",21.95,21.95,21.95,1,0,0,0,0
1238,"MACHOP GERMAN 1STED","Unknown Set",21.95,21.95,21.95,1,0,0,0,0
1239,"Poliwrath","Base Set",21.75,11.8,4.71,5,0,0,0,0
1240,"Gyarados (Spanish) 6/102","Base Set",21.39,21.39,21.39,1,0,0,0,0
1241,"Forretress (2)","Neo Discovery",21.25,14.08,7.13,6,0,0,0,0
1242,"2022 VSTAR Universe","Unknown Set",21.24,21.24,21.24,1,0,0,0,0
1243,"Ninetales","Base Set 2",21.07,10.61,4.94,5,0,0,0,0
1244,"Hitmonchan","Base Set 2",21.05,10.35,4.68,5,0,0,0,0
1245,"Pikachu Vmax 031/100","Unknown Set",21,21,21,1,0,0,0,0
1246,"Full Booster Box","Unknown Set",21,21,21,1,0,0,0,0
1247,"Blaine's Arcanine","Gym Challenge",21,21,21,1,0,0,0,0
1248,"2014 Charizard #12/106","Unknown Set",21,21,21,1,0,0,0,0
1249,"Magneton","Base Set",20.9,10.45,4.47,5,0,0,0,0
1250,"Pokémon Break CP6","Unknown Set",20.5,20.5,20.5,1,0,0,0,0
1251,"Lt. Surge's Magneton","Gym Heroes",20.47,11.22,5.54,5,0,0,0,0
1252,"Growlithe Base Set","Base Set",20.25,20.25,20.25,1,0,0,0,0
1253,"umbreon full art","Unknown Set",20,20,20,1,0,0,0,0
1254,"Umbreon (32), Neo","Neo Discovery",20,20,20,1,0,0,0,0
1255,"online codes champions","Unknown Set",20,20,20,1,0,0,0,0
1256,"Champions Path EMPTY","Unknown Set",20,20,20,1,0,0,0,0
1257,"1999 Nidoran (M)","Unknown Set",20,20,20,1,0,0,0,0
1258,"Thai Pikachu Vmax","Unknown Set",20,20,20,1,0,0,0,0
1259,"Charizard PROMO SWSH50","Unknown Set",20,20,20,1,0,0,0,0
1260,"Doduo, Base Set","Base Set",20,20,20,1,0,0,0,0
1261,"umbreon plasma","Unknown Set",20,20,20,1,0,0,0,0
1262,"Pokémon Charizard 1/99","Unknown Set",20,20,20,1,0,0,0,0
1263,"DARKNESS ABLAZE Booster","Unknown Set",20,20,20,1,0,0,0,0
1264,"BreakPoint Online Booster","Unknown Set",20,20,20,1,0,0,0,0
1265,"Pack Includes: 100","Unknown Set",20,20,20,1,0,0,0,0
1266,"Zacian LV. Nintendo","Unknown Set",20,20,20,1,0,0,0,0
1267,"umbreon and darkrai","Unknown Set",20,20,20,1,0,0,0,0
1268,"Machamp 8/102 Base","Base Set",20,20,20,1,0,0,0,0
1269,"Vivid Voltage Charizard","Unknown Set",19.99,19.99,19.99,2,0,0,0,0
1270,"Japanese Rare Jirachi","Unknown Set",19.99,19.99,19.99,1,0,0,0,0
1271,"Pokémon Hitmonchan Base","Base Set",19.99,19.99,19.99,1,0,0,0,0
1272,"Umbreon CSMYC 004/008","Unknown Set",19.99,19.99,19.99,1,0,0,0,0
1273,"Base 58/102 PIKACHU","Unknown Set",19.99,19.99,19.99,1,0,0,0,0
1274,"2018 Celebration Tin","Unknown Set",19.99,19.99,19.99,1,0,0,0,0
1275,"Full Art Charizard","Unknown Set",19.99,19.99,19.99,1,0,0,0,0
1276,"Base Set Poliwag","Base Set",19.99,10.62,1.25,2,0,0,0,0
1277,"Full Art Umbreon","Unknown Set",19.99,19.99,19.99,1,0,0,0,0
1278,"Vintage Topps Animation","Unknown Set",19.99,19.99,19.99,1,0,0,0,0
1279,"Ruby and Sapphire","Unknown Set",19.99,19.99,19.99,8,0,0,0,0
1280,"Pinsir 9/64 Jungle","Jungle",19.99,19.99,19.99,1,0,0,0,0
1281,"Empty Japanese First","Base Set",19.99,19.99,19.99,1,0,0,0,0
1282,"HITMONCHAN 7/102 Base","Base Set",19.99,19.99,19.99,1,0,0,0,0
1283,"MEWTWO 10/102 BASE","Base Set",19.99,19.99,19.99,2,0,0,0,0
1284,"2021 CELEBRATIONS SURFING","Celebrations",19.99,19.99,19.99,1,0,0,0,0
1285,"1999 Mewtwo Rare","Base Set",19.99,19.99,19.99,1,0,0,0,0
1286,"Base Set Doduo!","Base Set",19.99,19.99,19.99,1,0,0,0,0
1287,"Charizard Illustration Grand","Unknown Set",19.99,17.99,15.99,2,0,0,0,0
1288,"Bulbasaur 44/102 Near","Unknown Set",19.99,19.99,19.99,1,0,0,0,0
1289,"NECROZMA SM58 Gem","Unknown Set",19.99,19.99,19.99,1,0,0,0,0
1290,"Charizard #006 PROMO","Unknown Set",19.99,19.99,19.99,1,0,0,0,0
1291,"Magneton Original Base","Base Set",19.99,19.99,19.99,1,0,0,0,0
1292,"Pokémon cards booster","Unknown Set",19.99,19.99,19.99,1,0,0,0,0
1293,"Butterfree 33/64 Near","Jungle",19.99,19.99,19.99,1,0,0,0,0
1294,"Rare Misty Trainer","Unknown Set",19.99,19.99,19.99,1,0,0,0,0
1295,"Charizard Boundaries Crossed","Unknown Set",19.99,19.99,19.99,1,0,0,0,0
1296,"Squirtle 63/102 Base","Base Set",19.99,19.99,19.99,1,0,0,0,0
1297,"Base Set Dugtrio","Unknown Set",19.98,19.98,19.98,1,0,0,0,0
1298,"Seel 41/102 Base","Base Set",19.97,19.97,19.97,1,0,0,0,0
1299,"Baseball Top Loader","Unknown Set",19.95,19.95,19.95,1,0,0,0,0
1300,"Cards with First","Unknown Set",19.95,19.95,19.95,1,0,0,0,0
1301,"Kabutops Fossil 24/62","Fossil",19.95,19.95,19.95,1,0,0,0,0
1302,"raichu base set","Base Set",19.5,19.5,19.5,1,0,0,0,0
1303,"Pokémon Charizard VSTAR","Crown Zenith",19,19,19,1,0,0,0,0
1304,"Pokémon Lapras 25/62","Fossil",19,19,19,1,0,0,0,0
1305,"Ninetales 13/120 Base","Unknown Set",18.99,18.99,18.99,1,0,0,0,0
1306,"Brand new just","Unknown Set",18.99,18.99,18.99,1,0,0,0,0
1307,"Umbreon Japanese DPBP#164","Unknown Set",18.98,18.98,18.98,2,0,0,0,0
1308,"MAGNETON 26/62 Fossil","Fossil",18.95,18.95,18.95,1,0,0,0,0
1309,"Hitmonchan","Base Set",18.47,8.75,3.65,5,0,0,0,0
1310,"Lt. Surge's Raichu","Gym Challenge",18.39,18.39,18.39,1,0,0,0,0
1311,"Vintage Golem 36/62","Unknown Set",18,18,18,1,0,0,0,0
1312,"EEVEE 51/64 RARE","Jungle",18,18,18,1,0,0,0,0
1313,"Pikachu VMax swsh062","Unknown Set",18,18,18,1,0,0,0,0
1314,"General Mills 25th","Unknown Set",18,18,18,1,0,0,0,0
1315,"Japanese Raichu Rare","Base Set",18,18,18,1,0,0,0,0
1316,"Charizard Rare Japanese","Unknown Set",17.99,17.99,17.99,1,0,0,0,0
1317,"Charmeleon Mint 24/102","Base Set",17.99,17.99,17.99,1,0,0,0,0
1318,"Charizard #006 012/100","Unknown Set",17.99,17.99,17.99,1,0,0,0,0
1319,"Nidoran 57/64 1999","Jungle",17.5,17.5,17.5,1,0,0,0,0
1320,"Giovanni's Nidoking","Gym Challenge",17.35,17.35,17.35,1,0,0,0,0
1321,"Staryu","Unknown Set",17,17,17,1,0,0,0,0
1322,"Pikachu VMAX Full","Unknown Set",17,17,17,1,0,0,0,0
1323,"Charizard Sleeves (no","Unknown Set",17,17,17,1,0,0,0,0
1324,"Pokémon STANDARD SIZE","Unknown Set",16.99,16.99,16.99,1,0,0,0,0
1325,"Pokémon Tabletop Ornament","Unknown Set",16.99,16.99,16.99,1,0,0,0,0
1326,"UNGRADED Base Set","Base Set",16.6,16.6,16.6,1,0,0,0,0
1327,"Battle Deck Box","Unknown Set",16.49,16.49,16.49,1,0,0,0,0
1328,"Haunter Base Set","Base Set",16.41,16.41,16.41,1,0,0,0,0
1329,"Pokémon EMPTY Japanese","Neo Genesis",16.39,16.39,16.39,1,0,0,0,0
1330,"DIY Gold Metal","Unknown Set",16,16,16,1,0,0,0,0
1331,"Pokémon Machamp (8/102)","Base Set",15.99,15.99,15.99,1,0,0,0,0
1332,"Umbreon 64/116 Plasma","Unknown Set",15.99,15.99,15.99,1,0,0,0,0
1333,"Metapod 54/102 Base","Base Set",15.9,15.9,15.9,1,0,0,0,0
1334,"Giovanni's Machamp","Gym Challenge",15.84,15.84,15.84,1,0,0,0,0
1335,"Erika's Vileplume","Gym Heroes",15.81,9.55,5.24,5,0,0,0,0
1336,"Sabrina's Alakazam","Gym Challenge",15.6,15.6,15.6,1,0,0,0,0
1337,"Umbreon 80/149 Sun","Base Set",15.03,15.03,15.03,1,0,0,0,0
1338,"Dark Raichu","Legendary Collection",15.02,15.02,15.02,1,0,0,0,0
1339,"Japanese Umbreon VMax","Unknown Set",15,15,15,1,0,0,0,0
1340,"Charizard SWSH050 Ultra","Unknown Set",15,15,15,1,0,0,0,0
1341,"Meowth 56/64 Jungle","Jungle",15,15,15,1,0,0,0,0
1342,"LOF Pokémon Metal","Unknown Set",15,15,15,1,0,0,0,0
1343,"Umbreon 64/116 Rare","Unknown Set",15,15,15,1,0,0,0,0
1344,"Pikachu VMax 044/185","Unknown Set",15,13.48,11.95,2,0,0,0,0
1345,"Pikachu Vmax Astonishing","Unknown Set",15,15,15,1,0,0,0,0
1346,"1999 jungle rapidash","Jungle",15,15,15,1,0,0,0,0
1347,"Thai Charizard Rare","Unknown Set",15,15,15,1,0,0,0,0
1348,"Pack OFFICIAL Cards","Unknown Set",15,15,15,1,0,0,0,0
1349,"Team Rocket Dark","Team Rocket",15,15,15,1,0,0,0,0
1350,"100% Vintage Pack","Unknown Set",15,15,15,1,0,0,0,0
1351,"Poliwrath No. 062","Base Set",14.99,14.99,14.99,1,0,0,0,0
1352,"Pokémon Electabuzz Base","Base Set",14.99,14.99,14.99,1,0,0,0,0
1353,"Wartortle 42/102 Uncommon","Base Set",14.99,14.99,14.99,1,0,0,0,0
1354,"CHARIZARD 19/189 DARKNESS","Unknown Set",14.99,14.99,14.99,1,0,0,0,0
1355,"Umbreon UR-13 Goddess","Unknown Set",14.99,14.99,14.99,1,0,0,0,0
1356,"NEO GENESIS EXPANSION","Neo Genesis",14.99,14.99,14.99,1,0,0,0,0
1357,"CHARIZARD XY17 BLACK","Unknown Set",14.99,14.99,14.99,1,0,0,0,0
1358,"Charizard 143/S-P Promo","Unknown Set",14.99,14.99,14.99,1,0,0,0,0
1359,"Champions Path Booster","Unknown Set",14.99,14.99,14.99,1,0,0,0,0
1360,"CHARMANDER Base Set","Base Set",14.99,14.99,14.99,1,0,0,0,0
1361,"CROCONAW 31/111 Neo","Neo Genesis",14.99,14.99,14.99,1,0,0,0,0
1362,"1999 Rules ADVANCED","Unknown Set",14.99,14.99,14.99,1,0,0,0,0
1363,"Charmeleon #24/102 1999","Base Set",14.99,14.99,14.99,1,0,0,0,0
1364,"Magmar 36/102 Spanish","Base Set",14.99,14.99,14.99,1,0,0,0,0
1365,"Kingdra (8/111) Rare","Neo Genesis",14.99,14.99,14.99,1,0,0,0,0
1366,"Charizard N/M Japanese","Unknown Set",14.99,14.99,14.99,1,0,0,0,0
1367,"RAICHU 14/62 FOSSIL","Fossil",14.99,14.99,14.99,1,0,0,0,0
1368,"Japanese Totodile Neo","Unknown Set",14.99,14.99,14.99,1,0,0,0,0
1369,"GYARADOS 6/102 Basic","Base Set",14.95,14.95,14.95,1,0,0,0,0
1370,"CHARMANDER 46/102 Base","Base Set",14.95,14.95,14.95,1,0,0,0,0
1371,"Celebrations Pikachu FIGURE","Celebrations",14.95,14.95,14.95,1,0,0,0,0
1372,"Pikachu VMAX JAPANESE","Unknown Set",14.88,14.88,14.88,1,0,0,0,0
1373,"Chansey","Base Set 2",14.56,7.68,4.24,5,0,0,0,0
1374,"zapdos base set","Base Set",14.5,14.5,14.5,1,0,0,0,0
1375,"Charizard PROMO Game","Unknown Set",14.39,14.39,14.39,1,0,0,0,0
1376,"Clefable","Base Set 2",14.2,8.58,4.3,5,0,0,0,0
1377,"Kurama Cosplay Pikachu","Unknown Set",14,14,14,1,0,0,0,0
1378,"Belle Cosplay Pikachu","Unknown Set",14,14,14,1,0,0,0,0
1379,"Tanjirou Cosplay Pikachu","Unknown Set",14,14,14,1,0,0,0,0
1380,"Vegeta Cosplay Pikachu","Unknown Set",14,14,14,1,0,0,0,0
1381,"Xerneas Cosplay Pikachu","Unknown Set",14,14,14,1,0,0,0,0
1382,"Pokémon Umbreon-EX Fates","Unknown Set",14,14,14,1,0,0,0,0
1383,"Ultrainstinct Cosplay Pikachu","Unknown Set",14,14,14,1,0,0,0,0
1384,"Yveltal Cosplay Pikachu","Unknown Set",14,14,14,1,0,0,0,0
1385,"PHD Cosplay Pikachu","Unknown Set",14,14,14,1,0,0,0,0
1386,"Mega Gengar Cosplay","Unknown Set",14,14,14,1,0,0,0,0
1387,"Green Cosplay Pikachu","Unknown Set",14,14,14,1,0,0,0,0
1388,"Ho-Oh Cosplay Pikachu","Unknown Set",14,14,14,1,0,0,0,0
1389,"Miraidon Cosplay Pikachu","Unknown Set",14,14,14,1,0,0,0,0
1390,"Albedo Cosplay Pikachu","Unknown Set",14,14,14,1,0,0,0,0
1391,"Arale Cosplay Pikachu","Unknown Set",14,14,14,1,0,0,0,0
1392,"Japanese Rare Ditto","Unknown Set",13.99,13.99,13.99,1,0,0,0,0
1393,"Rare RegigigasFB Japanese","Unknown Set",13.99,13.99,13.99,1,0,0,0,0
1394,"Umbreon Sun Moon","Base Set",13.99,11.5,9,2,0,0,0,0
1395,"Charizard (SWSH050/281) SWSH","Unknown Set",13.95,13.95,13.95,1,0,0,0,0
1396,"Charizard 9/68 Ultra","Unknown Set",13.5,13.5,13.5,1,0,0,0,0
1397,"Japanese Ho-Oh 010/P","Unknown Set",13.29,13.29,13.29,1,0,0,0,0
1398,"Evolutions Codes Online","Unknown Set",13,13,13,1,0,0,0,0
1399,"SEALED 25th Anniversary","Unknown Set",13,9.5,7,4,0,0,0,0
1400,"25th Celebrations Complete","Celebrations",13,13,13,1,0,0,0,0
1401,"Pikachu VMAX CoroCoro","Unknown Set",13,13,13,1,0,0,0,0
1402,"1-Poliwrath 13/102 Base","Base Set",12.99,12.99,12.99,1,0,0,0,0
1403,"Sticker MARUMIYA Mimikyu","Unknown Set",12.99,12.99,12.99,1,0,0,0,0
1404,"Pokémon Radiant Charizard","Crown Zenith",12.99,12.99,12.99,1,0,0,0,0
1405,"Machamp Base Set","Base Set",12.99,12.99,12.99,1,0,0,0,0
1406,"Charizard SM211 Sun","Unknown Set",12.99,12.99,12.99,1,0,0,0,0
1407,"Magneton 9/102 Base","Base Set",12.99,12.99,12.99,1,0,0,0,0
1408,"EX-MT Turtonator 131/145","Unknown Set",12.99,12.99,12.99,1,0,0,0,0
1409,"Kingler 38/62 Italian","Fossil",12.99,12.99,12.99,1,0,0,0,0
1410,"Chilling Reign Uncommon","Unknown Set",12.99,12.99,12.99,1,0,0,0,0
1411,"Charizard ULTRA RARE","Brilliant Stars",12.98,12.98,12.98,1,0,0,0,0
1412,"Spiritomb Japanese Nintendo","Unknown Set",12.98,12.98,12.98,1,0,0,0,0
1413,"Celebrations 25th Anniversary","Celebrations",12.95,12.95,12.95,1,0,0,0,0
1414,"3x) Japanese VMAX","Unknown Set",12.95,12.95,12.95,1,0,0,0,0
1415,"Lugia VSTAR (Secret) (202)","SWSH12: Silver Tempest",12.83,12.83,12.83,1,0,0,0,0
1416,"Hidden Fates Codes","Unknown Set",12.75,12.75,12.75,1,0,0,0,0
1417,"Dragonair Base Set","Base Set",12.13,12.13,12.13,1,0,0,0,0
1418,"Mystery Bags (25","Unknown Set",12,12,12,1,0,0,0,0
1419,"Japanese DP4 DPBP#164","Unknown Set",12,12,12,1,0,0,0,0
1420,"Ekans 56/82 Team","Team Rocket",12,7.25,2.5,2,0,0,0,0
1421,"UNIFIED MINDS ONLINE","Unknown Set",12,12,12,1,0,0,0,0
1422,"Hidden Fates PTCGO","Unknown Set",12,12,12,1,0,0,0,0
1423,"Promo Cards Charizard","Unknown Set",12,11,10,2,0,0,0,0
1424,"Gastly 50/102 1999","Base Set",12,12,12,1,0,0,0,0
1425,"Japanese Zapdos Rare","Base Set",12,12,12,1,0,0,0,0
1426,"Booster Pack Codes","Unknown Set",11.99,11.99,11.99,1,0,0,0,0
1427,"Pokémon Gym Challenge","Gym Challenge",11.99,8.24,4.99,4,0,0,0,0
1428,"Flying Pikachu VMAX","Celebrations",11.99,8.5,5,2,0,0,0,0
1429,"Palkia Galaxy Team","Unknown Set",11.99,11.99,11.99,1,0,0,0,0
1430,"Charizard SM211 Hidden","Unknown Set",11.99,11,10,2,0,0,0,0
1431,"DARK KADABRA 39/82","Team Rocket",11.95,11.95,11.95,1,0,0,0,0
1432,"2016 Evolutions Pikachu","Unknown Set",11.95,11.95,11.95,1,0,0,0,0
1433,"Vaporeon SM172 Holofoil","Unknown Set",11.91,11.91,11.91,1,0,0,0,0
1434,"Pikachu Vmax Mint","Unknown Set",11.55,11.55,11.55,1,0,0,0,0
1435,"Pokémon Gyarados Base","Base Set",11.5,11.5,11.5,1,0,0,0,0
1436,"Regidrago V (Alternate Full Art)","SWSH12: Silver Tempest",11.33,11.33,11.33,1,0,0,0,0
1437,"Cynthia Black Metal","Unknown Set",11.22,11.22,11.22,1,0,0,0,0
1438,"BELLSPROUT 49/64 1999","Jungle",10.99,10.99,10.99,1,0,0,0,0
1439,"Umbreon 047/069 S6a","Unknown Set",10.99,10.99,10.99,1,0,0,0,0
1440,"Umbreon 80/149 Ultra","Unknown Set",10.99,10,9,2,0,0,0,0
1441,"First Edition Sandshrew","Unknown Set",10.98,10.98,10.98,1,0,0,0,0
1442,"Absol Japanese Nintendo","Unknown Set",10.98,10.98,10.98,1,0,0,0,0
1443,"Aggron Japanese Nintendo","Unknown Set",10.98,10.98,10.98,1,0,0,0,0
1444,"Charizard 003/053 SM6a","Unknown Set",10.95,10.95,10.95,1,0,0,0,0
1445,"Nidorino 37/102 Base","Base Set",10.95,10.95,10.95,1,0,0,0,0
1446,"DEWGONG 25/102 Base","Base Set",10.95,10.95,10.95,1,0,0,0,0
1447,"Japanese Umbreon 100/184","Unknown Set",10.8,10.8,10.8,1,0,0,0,0
1448,"Magikarp Base Set","Base Set",10.7,10.7,10.7,1,0,0,0,0
1449,"Pikachu (Red Cheeks)","Base Set (Shadowless)",10.7,10.7,10.7,1,0,0,0,0
1450,"Here Comes Team Rocket! (15)","Team Rocket",10.41,10.41,10.41,1,0,0,0,0
1451,"Pikachu VMAX 265/S-P","Unknown Set",10.34,10.34,10.34,1,0,0,0,0
1452,"Squirtle Base Set","Base Set",10.25,10.25,10.25,1,0,0,0,0
1453,"Lt. Surge's Electabuzz (6)","Gym Heroes",10.1,10.1,10.1,1,0,0,0,0
1454,"GOLEM 36/62 Rare","Fossil",10,10,10,1,0,0,0,0
1455,"Pokémon Pikachu Sword","Brilliant Stars",10,9.9,9.8,2,0,0,0,0
1456,"Nosferapti Fossil Set","Fossil",10,10,10,1,0,0,0,0
1457,"Darkness Ablaze #19","Unknown Set",10,10,10,1,0,0,0,0
1458,"General Mills Promo","Unknown Set",10,10,10,1,0,0,0,0
1459,"JYNX 31/64 Neo","Neo Revelation",10,10,10,1,0,0,0,0
1460,"Pikachu 58/102 Mint","Base Set",10,10,10,1,0,0,0,0
1461,"Japanese lot LOT","Unknown Set",10,10,10,1,0,0,0,0
1462,"Evolving Skies Online","Evolving Skies",10,10,10,1,0,0,0,0
1463,"booster packs best","Unknown Set",10,10,10,1,0,0,0,0
1464,"Eevee Heroes Umbreon","Unknown Set",10,10,10,1,0,0,0,0
1465,"Seadra #42/62 Fossil","Fossil",10,10,10,1,0,0,0,0
1466,"1999 Ivysaur 30/102","Unknown Set",10,10,10,1,0,0,0,0
1467,"Nidoran 57/64 Team","Team Rocket",10,10,10,1,0,0,0,0
1468,"LEAFON VMAX 8/203","Evolving Skies",9.99,9.99,9.99,1,0,0,0,0
1469,"Pokémon Charizard Vivid","Unknown Set",9.99,9.99,9.99,1,0,0,0,0
1470,"Pokémon Charizard 010/078","Unknown Set",9.99,9.99,9.99,1,0,0,0,0
1471,"Pikachu Full Art","Unknown Set",9.99,9.99,9.99,1,0,0,0,0
1472,"CHARIZARD 9/68 HIDDEN","Unknown Set",9.99,7.49,4.99,2,0,0,0,0
1473,"Hitmonchan 7/102 Unlimited","Base Set",9.99,9.99,9.99,1,0,0,0,0
1474,"Kangaskhan 5/64 Base","Base Set",9.99,9.99,9.99,1,0,0,0,0
1475,"1999 Tauros 47/64","Jungle",9.99,9.99,9.99,1,0,0,0,0
1476,"Flying Pikachu VMax","Celebrations",9.99,9,8,2,0,0,0,0
1477,"Umbreon 94/203- Ultra","Evolving Skies",9.99,9.99,9.99,1,0,0,0,0
1478,"CHARIZARD SWSH:03 DARKNESS","Unknown Set",9.99,9.99,9.99,1,0,0,0,0
1479,"online charizard evolutions","Unknown Set",9.99,9.99,9.99,1,0,0,0,0
1480,"Magneton No. 082","Base Set",9.99,9.99,9.99,1,0,0,0,0
1481,"CHARIZARD SM211 BLACK","Unknown Set",9.99,9.99,9.99,1,0,0,0,0
1482,"Roserade Pt2 Rising","Unknown Set",9.99,9.99,9.99,1,0,0,0,0
1483,"Charmeleon 24/102 Uncommon","Base Set",9.99,9.99,9.99,1,0,0,0,0
1484,"Sceptile Stormfront 005/092","Unknown Set",9.99,9.99,9.99,1,0,0,0,0
1485,"RADIANT CHARIZARD 20/159","Crown Zenith",9.99,9.99,9.99,1,0,0,0,0
1486,"Pokémon Charizard Black","Unknown Set",9.99,9.99,9.99,1,0,0,0,0
1487,"Japanese Rare Charizard","Unknown Set",9.99,9.99,9.99,1,0,0,0,0
1488,"Umbreon 120/214 Lost","Unknown Set",9.99,9.99,9.99,1,0,0,0,0
1489,"Giratina 039/050 Foil","Unknown Set",9.99,9.99,9.99,1,0,0,0,0
1490,"Charizard XY29 Promos","Unknown Set",9.99,9.99,9.99,1,0,0,0,0
1491,"PIKACHU VMAX Vivid","Unknown Set",9.99,9.99,9.99,1,0,0,0,0
1492,"Umbreon Japanese Game","Unknown Set",9.98,9.98,9.98,1,0,0,0,0
1493,"CHARMELEON 24/102 Base","Base Set",9.95,9.95,9.95,1,0,0,0,0
1494,"1999 Vintage WOTC","Base Set",9.95,5.31,2.49,3,0,0,0,0
1495,"100 Magic Pokémon","Unknown Set",9.95,9.95,9.95,1,0,0,0,0
1496,"Pikachu VMAX (44/203)","Unknown Set",9.95,9.95,9.95,1,0,0,0,0
1497,"🔰⚡️PIKACHU Base Set","Base Set",9.88,9.88,9.88,1,0,0,0,0
1498,"Japanese Pikachu VMAX","Unknown Set",9.8,9.8,9.8,1,0,0,0,0
1499,"Giovanni's Persian","Gym Challenge",9.69,9.69,9.69,1,0,0,0,0
1500,"Ivysaur NM/LP Base","Base Set",9.49,9.49,9.49,1,0,0,0,0
1501,"Umbreon 80/149 Ultra","Base Set",9.44,9.44,9.44,1,0,0,0,0
1502,"Umbreon Eevee Heroes","Unknown Set",9.25,9.25,9.25,1,0,0,0,0
1503,"2017 Umbreon Sun","Base Set",9.13,9.13,9.13,1,0,0,0,0
1504,"Pokémon Vivid Voltage","Unknown Set",9,7.75,6.5,2,0,0,0,0
1505,"Pokémon Champion's Path","Unknown Set",9,9,9,1,0,0,0,0
1506,"SHINING LEGENDS BOOSTER","Unknown Set",9,9,9,1,0,0,0,0
1507,"Golduck 35/62 Fossil","Fossil",8.99,8.99,8.99,1,0,0,0,0
1508,"10x GUST WIND","Base Set",8.99,8.99,8.99,1,0,0,0,0
1509,"Charmander 46/102 1999","Base Set",8.99,8.99,8.99,1,0,0,0,0
1510,"Machoke 34/102 Base","Base Set",8.99,4.99,0.99,2,0,0,0,0
1511,"SLOWBRO 43/62 Fossil","Fossil",8.95,8.95,8.95,1,0,0,0,0
1512,"Base Set UN-COMMON","Base Set",8.95,8.95,8.95,1,0,0,0,0
1513,"PIKACHU 43/192-VIVID VOLTAGE","Unknown Set",8.5,8.5,8.5,1,0,0,0,0
1514,"Pokémon Sword and","Unknown Set",8,8,8,1,0,0,0,0
1515,"2021 Celebrations 25th","Celebrations",8,6.81,3.75,4,0,0,0,0
1516,"Champions Path Elite","Unknown Set",8,8,8,1,0,0,0,0
1517,"MINT Naminori Pikachu","Unknown Set",8,8,8,1,0,0,0,0
1518,"Charizard 025/185 MINT","Unknown Set",8,8,8,1,0,0,0,0
1519,"Japanese Charizard 001/021","Unknown Set",8,8,8,1,0,0,0,0
1520,"Totodile Neo Destiny","Neo Destiny",7.99,7.99,7.99,1,0,0,0,0
1521,"Pikachu Astonishing Voltecker","Unknown Set",7.99,7.99,7.99,1,0,0,0,0
1522,"Squirtle 1999 Base","Base Set",7.99,7.99,7.99,1,0,0,0,0
1523,"Black Star Promos,","Unknown Set",7.99,7.99,7.99,1,0,0,0,0
1524,"Pokémon Charizard Keychain","Unknown Set",7.99,7.99,7.99,1,0,0,0,0
1525,"Pikachu VMAX RRR","Unknown Set",7.99,5.49,2.99,2,0,0,0,0
1526,"Tangrowth DP4 Great","Unknown Set",7.99,6.49,4.99,2,0,0,0,0
1527,"Sleeves (65) pack","Unknown Set",7.99,7.99,7.99,1,0,0,0,0
1528,"Arcanine 23/102 Base","Base Set",7.99,7.99,7.99,1,0,0,0,0
1529,"SUN MOON Starter","Unknown Set",7.98,7.98,7.98,1,0,0,0,0
1530,"Jigglypuff Jungle 54/64","Jungle",7.97,7.97,7.97,1,0,0,0,0
1531,"PIDGEY 57/102 Base","Base Set",7.95,7.95,7.95,1,0,0,0,0
1532,"Umbreon ULTRA RARE","Evolving Skies",7.88,7.88,7.88,1,0,0,0,0
1533,"Dratini Team Rocket","Team Rocket",7.55,7.55,7.55,1,0,0,0,0
1534,"Pikachu VMAX Rainbow","Unknown Set",7.5,7.5,7.5,1,0,0,0,0
1535,"Base Set 1999","Base Set",7.19,7.19,7.19,1,0,0,0,0
1536,"Golbat Neo Base","Unknown Set",7.06,7.06,7.06,1,0,0,0,0
1537,"Umbreon 094/203 Evolving","Evolving Skies",7,5.2,3,5,0,0,0,0
1538,"2020 Charizard Max","Unknown Set",7,7,7,1,0,0,0,0
1539,"celebrations Flying Pikachu","Celebrations",7,7,7,1,0,0,0,0
1540,"Japanese SM6a Charizard","Unknown Set",7,7,7,1,0,0,0,0
1541,"custom booster pack","Unknown Set",7,7,7,1,0,0,0,0
1542,"Evolutions Booster Pack","Unknown Set",7,7,7,1,0,0,0,0
1543,"Umbreon 94/203 Glaceon","Evolving Skies",7,7,7,1,0,0,0,0
1544,"Umbreon Vmax 101/184","Unknown Set",7,7,7,1,0,0,0,0
1545,"Machoke 34/102 Uncommon","Base Set",6.99,6.99,6.99,1,0,0,0,0
1546,"Unown 48/75 Neo","Neo Discovery",6.99,6.99,6.99,1,0,0,0,0
1547,"SM2 Guardians Rising","Unknown Set",6.99,6.99,6.99,1,0,0,0,0
1548,"Murkrow 46/64 Neo","Neo Revelation",6.99,6.99,6.99,1,0,0,0,0
1549,"Special Collection Pikachu","Unknown Set",6.99,6.99,6.99,1,0,0,0,0
1550,"SHIPS SAME DAY","Unknown Set",6.99,6.99,6.99,1,0,0,0,0
1551,"Charmeleon NM/LP Base","Base Set",6.99,6.99,6.99,1,0,0,0,0
1552,"PSYDUCK 53/62 Fossil","Fossil",6.95,6.95,6.95,1,0,0,0,0
1553,"VULPIX 68/102 Base","Base Set",6.95,6.95,6.95,1,0,0,0,0
1554,"Pokémon Combusken 29/108","Unknown Set",6.79,6.79,6.79,1,0,0,0,0
1555,"2021 Celebrations Flying","Celebrations",6.42,6.42,6.42,1,0,0,0,0
1556,"Ekans 50hp 56/82","Team Rocket",6.36,6.36,6.36,1,0,0,0,0
1557,"Japanese Pikachu 030/100","Unknown Set",6,6,6,1,0,0,0,0
1558,"CHARIZARD 025/185 Mint/nm","Unknown Set",6,6,6,1,0,0,0,0
1559,"Pokémon Pikachu Vivid","Unknown Set",6,2.68,1.2,4,0,0,0,0
1560,"Japanese Pikachu 005/015","Unknown Set",6,6,6,1,0,0,0,0
1561,"Pokémon Umbreon VMAX","Unknown Set",5.99,5.99,5.99,1,0,0,0,0
1562,"Surge's Voltorb 86/132","Gym Challenge",5.99,5.99,5.99,1,0,0,0,0
1563,"2011 BLACK WHITE","Base Set",5.99,5.99,5.99,1,0,0,0,0
1564,"Magnezone Stormfront 068/092","Unknown Set",5.99,5.99,5.99,1,0,0,0,0
1565,"CHARMELEON 1999 Base","Base Set",5.99,5.99,5.99,1,0,0,0,0
1566,"2000 NEO REVELATION","Neo Revelation",5.99,5.99,5.99,1,0,0,0,0
1567,"Celebrations Surfing Pikachu","Celebrations",5.99,5.99,5.99,1,0,0,0,0
1568,"(10) Vintage WOTC","Unknown Set",5.97,5.97,5.97,1,0,0,0,0
1569,"2006 Pokémon Holon","Unknown Set",5.95,4.45,2.95,2,0,0,0,0
1570,"2007 Pokémon Diamond","Unknown Set",5.95,5.95,5.95,1,0,0,0,0
1571,"Charizard RARE 025/185","Unknown Set",5.88,5.88,5.88,1,0,0,0,0
1572,"IVYSAUR 44/130 Base","Base Set",5.85,5.85,5.85,1,0,0,0,0
1573,"Japanese Dusknoir 372/Sm-p","Unknown Set",5.67,5.67,5.67,1,0,0,0,0
1574,"Nidoran Jungle 57/64","Jungle",5.31,5.31,5.31,1,0,0,0,0
1575,"PIKACHU Single Cards","Unknown Set",5.2,5.2,5.2,1,0,0,0,0
1576,"cards assorted "booster","Base Set",5,5,5,1,0,0,0,0
1577,"Pokémon Base Set","Base Set",5,5,5,1,0,0,0,0
1578,"Celebrations Pick your","Celebrations",5,5,5,1,0,0,0,0
1579,"Morty's Dusknoir CHR","Unknown Set",5,5,5,1,0,0,0,0
1580,"Pikachu SWSH061 Shining","Unknown Set",5,5,5,1,0,0,0,0
1581,"Crimson Invasion Online","Unknown Set",5,5,5,1,0,0,0,0
1582,"Steam Siege Online","Unknown Set",5,5,5,1,0,0,0,0
1583,"Cards Lot ULTRA","Unknown Set",4.99,4.99,4.99,1,0,0,0,0
1584,"PIKACHU 86/264 FUSION","Fusion Strike",4.99,4.99,4.99,1,0,0,0,0
1585,"Base Set Abra","Base Set",4.99,3.12,1.25,2,0,0,0,0
1586,"Flying Pikachu Vmax","Celebrations",4.99,4.99,4.99,1,0,0,0,0
1587,"FLYING PIKACHU VMAX","Celebrations",4.99,4.99,4.99,1,0,0,0,0
1588,"Game Sword&Shield Japanese","Unknown Set",4.99,4.99,4.99,1,0,0,0,0
1589,"SOLROCK GG15/GG70 CROWN","Crown Zenith",4.99,4.99,4.99,1,0,0,0,0
1590,"Umbreon VMAX 101/184","Unknown Set",4.99,4.99,4.99,1,0,0,0,0
1591,"SHADOW RIDER CALYREX","Unknown Set",4.99,4.99,4.99,1,0,0,0,0
1592,"CHARIZARD 18/159 CROWN","Crown Zenith",4.99,4.99,4.99,1,0,0,0,0
1593,"Drowzee 49/102 Base","Base Set",4.99,4.99,4.99,1,0,0,0,0
1594,"Beedrill 21/130 Base","Base Set",4.99,4.99,4.99,1,0,0,0,0
1595,"Pokémon Celebrations 25th","Celebrations",4.99,4.99,4.99,1,0,0,0,0
1596,"PIKACHU VMAX SWSH286","Unknown Set",4.99,4.99,4.99,1,0,0,0,0
1597,"Neo Destiny Girafarig","Neo Destiny",4.99,4.99,4.99,1,0,0,0,0
1598,"Quagsire 48/64 Neo","Neo Revelation",4.99,3.99,2.99,2,0,0,0,0
1599,"CHARIZARD 17/172 BRILLIANT","Brilliant Stars",4.99,4.99,4.99,1,0,0,0,0
1600,"Farfetch'd 27/102 NM/LP","Base Set",4.99,4.99,4.99,1,0,0,0,0
1601,"SURFING PIKACHU VMAX","Celebrations",4.99,4.99,4.99,2,0,0,0,0
1602,"PIKACHU 58/102 BASE","Base Set",4.99,4.99,4.99,1,0,0,0,0
1603,"CHARIZARD 10/78 RARE","Unknown Set",4.99,4.99,4.99,1,0,0,0,0
1604,"PIKACHU SWSH198 PROMO","Unknown Set",4.99,4.99,4.99,1,0,0,0,0
1605,"(10x) BOOSTER PACK","Unknown Set",4.95,4.95,4.95,1,0,0,0,0
1606,"DROWZEE 49/102 Base","Base Set",4.95,4.95,4.95,1,0,0,0,0
1607,"POLIWAG 59/102 Base","Base Set",4.95,4.95,4.95,1,0,0,0,0
1608,"Vulpix 68/102 Base","Base Set",4.77,3.63,2.49,2,0,0,0,0
1609,"Chilling Reign Fun","Unknown Set",4.58,4.58,4.58,1,0,0,0,0
1610,"Snubbull 55/64 Neo","Neo Revelation",4.49,4.49,4.49,1,0,0,0,0
1611,"Celebrations- Surfing Pikachu","Celebrations",4.46,4.46,4.46,1,0,0,0,0
1612,"Coalossal VMAX 99/185","Unknown Set",4.32,4.32,4.32,1,0,0,0,0
1613,"Omanyte 52/62 Common","Fossil",4.27,4.27,4.27,1,0,0,0,0
1614,"Rattata 026/128 Series","Unknown Set",4.24,4.24,4.24,1,0,0,0,0
1615,"Drowzee 54/82 Team","Team Rocket",4.2,4.2,4.2,1,0,0,0,0
1616,"Arcanine","Legendary Collection",4.09,2.11,0.89,5,0,0,0,0
1617,"Charmander 46/102 Base","Base Set",4,4,4,1,0,0,0,0
1618,"Pokémon Umbreon Evolving","Evolving Skies",4,4,4,1,0,0,0,0
1619,"Evolving Skies Flareon","Evolving Skies",4,4,4,1,0,0,0,0
1620,"Charizard 010/071 a10b","Unknown Set",4,4,4,1,0,0,0,0
1621,"Charizard SRL07-03 Full","Unknown Set",3.99,3.99,3.99,1,0,0,0,0
1622,"2021 PIKACHU Full","Unknown Set",3.99,3.99,3.99,1,0,0,0,0
1623,"Pineco 77/105 Common","Neo Destiny",3.99,3.99,3.99,1,0,0,0,0
1624,"Flying Pikachu 006/025","Celebrations",3.99,3.99,3.99,1,0,0,0,0
1625,"2000 TEAM ROCKET","Team Rocket",3.99,3.99,3.99,2,0,0,0,0
1626,"Zubat 59/64 Neo","Neo Revelation",3.99,3.99,3.99,1,0,0,0,0
1627,"Base Set Nidorino","Base Set",3.99,3.99,3.99,1,0,0,0,0
1628,"Raticate 40/102 Uncommon","Base Set",3.99,3.99,3.99,1,0,0,0,0
1629,"1999 Jungle Set","Jungle",3.99,3.99,3.99,1,0,0,0,0
1630,"Base Set Spearow","Base Set",3.99,3.99,3.99,1,0,0,0,0
1631,"Primal Clash Codes","Unknown Set",3.99,3.99,3.99,1,0,0,0,0
1632,"Pikachu SWSH061 Promo","Unknown Set",3.99,3.99,3.99,1,0,0,0,0
1633,"Skiploom 52/64 Neo","Neo Revelation",3.99,3.99,3.99,1,0,0,0,0
1634,"Qwilfish 49/64 Neo","Neo Revelation",3.99,3.99,3.99,1,0,0,0,0
1635,"Remoraid 50/64 Neo","Neo Revelation",3.99,3.99,3.99,1,0,0,0,0
1636,"Golbat 29/64 Uncommon","Neo Revelation",3.99,3.99,3.99,1,0,0,0,0
1637,"1999 Fossil Set","Fossil",3.99,3.99,3.99,1,0,0,0,0
1638,"2022 SWSH Charizard","Unknown Set",3.99,3.99,3.99,1,0,0,0,0
1639,"DRATINI WOTC Team","Team Rocket",3.99,3.99,3.99,1,0,0,0,0
1640,"Moderately Played Regular","Unknown Set",3.95,3.95,3.95,1,0,0,0,0
1641,"MACHOP 52/102 Base","Base Set",3.95,3.95,3.95,1,0,0,0,0
1642,"2011 Pokémon Emerging","Unknown Set",3.95,3.95,3.95,1,0,0,0,0
1643,"Blaine’s Tauros Gym","Gym Heroes",3.95,3.95,3.95,1,0,0,0,0
1644,"Farfetch'd 27/102 Uncommon","Base Set",3.89,3.89,3.89,1,0,0,0,0
1645,"Magneton RARE 38/108","Base Set",3.88,3.88,3.88,1,0,0,0,0
1646,"MAGMAR 51/130 Base","Base Set",3.85,3.85,3.85,1,0,0,0,0
1647,"VOLTORB 69/82 Team","Team Rocket",3.85,3.85,3.85,1,0,0,0,0
1648,"Pikachu 043/185 SWSH","Unknown Set",3.84,3.84,3.84,1,0,0,0,0
1649,"Grimer Fossil Set","Fossil",3.77,3.77,3.77,1,0,0,0,0
1650,"CELEBRATIONS FLYING PIKACHU","Celebrations",3.75,3.75,3.75,1,0,0,0,0
1651,"1999 BASE SET","Base Set",3.74,3.74,3.74,1,0,0,0,0
1652,"25th Anniversary Celebrations","Celebrations",3.57,3.57,3.57,1,0,0,0,0
1653,"Grimer 48/62 Fossil","Fossil",3.56,3.56,3.56,1,0,0,0,0
1654,"Charmeleon 24/102 Uncommon","Unknown Set",3.54,3.54,3.54,1,0,0,0,0
1655,"Umbreon Unified Minds","Unknown Set",3.5,3.5,3.5,1,0,0,0,0
1656,"Oddish Jungle 58/64","Jungle",3.5,3.5,3.5,1,0,0,0,0
1657,"Pikachu 086/264 Fusion","Fusion Strike",3.49,3.49,3.49,1,0,0,0,0
1658,"Nintendo Blaines Doduo","Unknown Set",3.13,3.13,3.13,1,0,0,0,0
1659,"Omanyte 52/62 Fossil","Fossil",3,3,3,1,0,0,0,0
1660,"Pikachu Pokémon Promo","Unknown Set",3,3,3,1,0,0,0,0
1661,"Base Set Charmander","Base Set",2.99,2.99,2.99,1,0,0,0,0
1662,"Staryu 65/102 Common","Base Set",2.99,2.99,2.99,1,0,0,0,0
1663,"ZUBAT 57/62 Fossil","Fossil",2.99,2.99,2.99,1,0,0,0,0
1664,"Team Rocket Voltorb","Team Rocket",2.99,2.99,2.99,1,0,0,0,0
1665,"Base Set Drowzee","Base Set",2.99,2.99,2.99,1,0,0,0,0
1666,"Slugma 53/64 Neo","Neo Revelation",2.99,2.99,2.99,1,0,0,0,0
1667,"Jynx 31/102","Unknown Set",2.99,2.99,2.99,1,0,0,0,0
1668,"Staryu 56/64 Neo","Neo Revelation",2.99,2.99,2.99,1,0,0,0,0
1669,"Kabuto 56/75 Neo","Neo Discovery",2.99,2.99,2.99,1,0,0,0,0
1670,"Gym Heroes Sabrina's","Gym Heroes",2.99,2.99,2.99,1,0,0,0,0
1671,"Base Set Magnemite","Base Set",2.99,2.12,1.25,2,0,0,0,0
1672,"vivid voltagePokemon Booster","Unknown Set",2.99,2.99,2.99,1,0,0,0,0
1673,"Kakuna 33/102 Uncommon","Base Set",2.99,2.99,2.99,1,0,0,0,0
1674,"Doduo 48/102 Common","Base Set",2.99,2.99,2.99,1,0,0,0,0
1675,"Base Set Arcanine","Base Set",2.99,2.99,2.99,1,0,0,0,0
1676,"Swinub 57/64 Neo","Neo Revelation",2.99,2.99,2.99,1,0,0,0,0
1677,"XY-STEAM SIEGE Codes","Unknown Set",2.99,2.99,2.99,1,0,0,0,0
1678,"Gust Wind 93/102","Base Set",2.97,2.23,1.49,2,0,0,0,0
1679,"Pokémon Umbreon Majestic","Unknown Set",2.96,2.96,2.96,1,0,0,0,0
1680,"Diglett 47/102 Base","Base Set",2.89,2.89,2.89,1,0,0,0,0
1681,"Mysterious Fossil 62/62","Fossil",2.85,2.85,2.85,1,0,0,0,0
1682,"DRATINI 38/130 Base","Base Set",2.85,2.85,2.85,1,0,0,0,0
1683,"PONYTA 64/82 Team","Team Rocket",2.85,2.85,2.85,1,0,0,0,0
1684,"SLOWPOKE 67/82 Team","Team Rocket",2.85,2.85,2.85,1,0,0,0,0
1685,"Shellder 54/62 Fossil","Fossil",2.85,2.85,2.85,1,0,0,0,0
1686,"Mankey 61/82 Common","Team Rocket",2.77,2.77,2.77,1,0,0,0,0
1687,"2016 #96/122 Breakpoint","Unknown Set",2.75,2.75,2.75,1,0,0,0,0
1688,"Horsea 49/62","Unknown Set",2.69,2.69,2.69,1,0,0,0,0
1689,"Slowpoke 55/62 Fossil","Fossil",2.6,2.6,2.6,1,0,0,0,0
1690,"Vintage Pokémon Base","Base Set",2.53,2.53,2.53,1,0,0,0,0
1691,"Ekans 46/62 Fossil","Fossil",2.5,2.5,2.5,1,0,0,0,0
1692,"Lightning Energy 109/111","Neo Genesis",2.49,2.49,2.49,1,0,0,0,0
1693,"Diglett 52/82 Common","Team Rocket",2.49,2.49,2.49,2,0,0,0,0
1694,"Fates Collide Codes","Unknown Set",2.49,2.49,2.49,1,0,0,0,0
1695,"Pikachu 43/185","Unknown Set",2.49,2.49,2.49,1,0,0,0,0
1696,"2000 Vintage Pokémon","Fossil",2.49,2.49,2.49,1,0,0,0,0
1697,"Base Set Magikarp","Base Set",2.49,2.49,2.49,1,0,0,0,0
1698,"Japanese Larvitar 024/128","Base Set",2.49,2.49,2.49,1,0,0,0,0
1699,"Wartortle (42/103) Base","Unknown Set",2.45,2.45,2.45,1,0,0,0,0
1700,"Squirtle (93/131) Base","Base Set",2.45,2.45,2.45,1,0,0,0,0
1701,"POLIWAG Neo Discovery","Neo Discovery",2.45,2.45,2.45,1,0,0,0,0
1702,"GOOP GAS ATTACK","Team Rocket",2.45,2.45,2.45,1,0,0,0,0
1703,"Team Rocket Mankey","Team Rocket",2.4,2.4,2.4,1,0,0,0,0
1704,"Rattata 61/102 Base","Base Set",2.25,2.25,2.25,1,0,0,0,0
1705,"Shaymin 15/185 Sword","Unknown Set",2.25,2.25,2.25,1,0,0,0,0
1706,"Pikachu 043/185 Ultra","Unknown Set",2.2,2.2,2.2,1,0,0,0,0
1707,"1999 WOTC Base","Base Set",2.13,2.13,2.13,1,0,0,0,0
1708,"Base Set (1999)","Base Set",2,2,2,1,0,0,0,0
1709,"Base Set COMMON","Base Set",2,1.63,0.99,3,0,0,0,0
1710,"Vintage 1999 Pokémon","Fossil",2,2,2,1,0,0,0,0
1711,"Base Set Diglett","Base Set",2,2,2,1,0,0,0,0
1712,"2019 Sun and","Unknown Set",2,2,2,1,0,0,0,0
1713,"sun and moon","Unknown Set",2,2,2,1,0,0,0,0
1714,"BASE SET 2000","Base Set",2,2,2,1,0,0,0,0
1715,"Growlithe 28/102 Base","Base Set",1.99,1.99,1.99,1,0,0,0,0
1716,"Mantine 64/111 Common","Neo Genesis",1.99,1.99,1.99,1,0,0,0,0
1717,"Pokémon MACHOP 52/102","Base Set",1.99,1.99,1.99,1,0,0,0,0
1718,"Pokémon LIGHTNING ENERGY","Base Set",1.99,1.99,1.99,1,0,0,0,0
1719,"Abra 43/102 Common","Base Set",1.99,1.99,1.99,1,0,0,0,0
1720,"Pokémon DIGLETT 47/102","Base Set",1.99,1.99,1.99,1,0,0,0,0
1721,"Weedle 69/102 Common","Base Set",1.99,1.99,1.99,1,0,0,0,0
1722,"Koffing 51/102 Common","Base Set",1.99,1.99,1.99,1,0,0,0,0
1723,"Pokémon PONYTA 60/102","Base Set",1.99,1.99,1.99,1,0,0,0,0
1724,"Diglett 47/102 Common","Base Set",1.99,1.99,1.99,1,0,0,0,0
1725,"Fighting Energy 127/132","Gym Challenge",1.99,1.99,1.99,1,0,0,0,0
1726,"Salandit 25/156 Set","Unknown Set",1.99,1.99,1.99,1,0,0,0,0
1727,"Pokémon NIDORAN 55/102","Base Set",1.99,1.99,1.99,1,0,0,0,0
1728,"Machoke NM/LP Base","Base Set",1.99,1.99,1.99,1,0,0,0,0
1729,"Machop 52/102 Common","Base Set",1.99,1.99,1.99,1,0,0,0,0
1730,"Pikachu 58/102 Base","Base Set",1.99,1.99,1.99,1,0,0,0,0
1731,"Lost Origin Cards","Unknown Set",1.99,1.99,1.99,1,0,0,0,0
1732,"Potion 94/102 Base","Base Set",1.97,1.97,1.97,1,0,0,0,0
1733,"Starmie 64/102 Base","Base Set",1.97,1.97,1.97,1,0,0,0,0
1734,"TOTODILE 80/111 Neo","Neo Genesis",1.95,1.95,1.95,1,0,0,0,0
1735,"Doduo 48/102 Single:","Base Set",1.95,1.95,1.95,1,0,0,0,0
1736,"Pokémon Primarina Sun","Base Set",1.95,1.95,1.95,1,0,0,0,0
1737,"Arcanine (23/103) Base","Unknown Set",1.95,1.95,1.95,1,0,0,0,0
1738,"Pokémon Diglett Base","Base Set",1.94,1.94,1.94,1,0,0,0,0
1739,"WEEPINBELL 64/130 Base","Base Set",1.85,1.85,1.85,1,0,0,0,0
1740,"ONIX 84/130 Base","Base Set",1.85,1.85,1.85,1,0,0,0,0
1741,"Neo Revelation Unlimited","Neo Revelation",1.75,1.75,1.75,1,0,0,0,0
1742,"Bill 91/102 Common","Base Set",1.74,1.74,1.74,1,0,0,0,0
1743,"PONYTA Base Set","Base Set",1.65,1.65,1.65,1,0,0,0,0
1744,"NIDORAN JAPANESE Base","Base Set",1.65,1.65,1.65,1,0,0,0,0
1745,"Unlimited Base Set","Base Set",1.55,1.55,1.55,1,0,0,0,0
1746,"Crown Zenith Special","Crown Zenith",1.55,1.55,1.55,1,0,0,0,0
1747,"Neo Discovery Unlimited","Neo Discovery",1.5,1.5,1.5,1,0,0,0,0
1748,"Pokémon Pikachu SWSH","Unknown Set",1.5,1.25,1,2,0,0,0,0
1749,"shining legends mewtwo","Unknown Set",1.5,1.5,1.5,1,0,0,0,0
1750,"2022 GO: Choose","Unknown Set",1.5,1.5,1.5,1,0,0,0,0
1751,"Fighting Energy 97/102","Base Set",1.49,1.49,1.49,1,0,0,0,0
1752,"1st Ed. Neo","Neo Genesis",1.49,1.49,1.49,1,0,0,0,0
1753,"Potion 94/102 Common","Base Set",1.49,1.49,1.49,1,0,0,0,0
1754,"KOFFING No. 109","Base Set",1.45,1.45,1.45,1,0,0,0,0
1755,"PlusPower (84/103) Base","Unknown Set",1.45,1.45,1.45,1,0,0,0,0
1756,"DIGLETT No. 050","Base Set",1.45,1.45,1.45,1,0,0,0,0
1757,"METAPOD No. 011","Base Set",1.45,1.45,1.45,1,0,0,0,0
1758,"Haunter (43/131) Base","Base Set",1.45,1.45,1.45,1,0,0,0,0
1759,"Cosmog 13/25 Rare","Celebrations",1.39,1.39,1.39,1,0,0,0,0
1760,"DROWZEE No. 096","Base Set",1.35,1.35,1.35,1,0,0,0,0
1761,"Sword Shield Rebel","Unknown Set",1.32,1.32,1.32,1,0,0,0,0
1762,"SWITCH Japanese Base","Base Set",1.3,1.3,1.3,1,0,0,0,0
1763,"Dugtrio 59/146 Base","Base Set",1.29,1.29,1.29,1,0,0,0,0
1764,"Trainer 95/102 Switch","Base Set",1.29,1.29,1.29,1,0,0,0,0
1765,"Charmander","Legendary Collection",1.26,0.64,0.35,5,0,0,0,0
1766,"Base Set Gust","Base Set",1.25,1.25,1.25,2,0,0,0,0
1767,"SWORD SHIELD BRILLIANT","Brilliant Stars",1.25,1.25,1.25,1,0,0,0,0
1768,"Base Set Staryu","Base Set",1.25,1.25,1.25,1,0,0,0,0
1769,"Vivid Voltage Elite","Unknown Set",1.25,1.25,1.25,1,0,0,0,0
1770,"Base Set Doduo","Base Set",1.25,1.25,1.25,1,0,0,0,0
1771,"Online Sword Shield","Evolving Skies",1.25,1.25,1.25,1,0,0,0,0
1772,"Primal Clash Booster","Unknown Set",1.25,1.25,1.25,1,0,0,0,0
1773,"Base Set Nidoran","Base Set",1.25,1.25,1.25,1,0,0,0,0
1774,"Base Set Potion","Base Set",1.25,1.25,1.25,1,0,0,0,0
1775,"Jungle Venonat Common","Jungle",1.25,1.25,1.25,1,0,0,0,0
1776,"Base Set Koffing","Base Set",1.25,1.25,1.25,1,0,0,0,0
1777,"ABRA 65/130 Base","Base Set",1.2,1.2,1.2,1,0,0,0,0
1778,"GAMBLER JAPANESE Fossil","Fossil",1.2,1.2,1.2,1,0,0,0,0
1779,"POLIWAG 88/130 Base","Base Set",1.2,1.2,1.2,1,0,0,0,0
1780,"DROWZEE 73/130 Base","Base Set",1.2,1.2,1.2,1,0,0,0,0
1781,"DIGLETT 71/130 Base","Base Set",1.2,1.2,1.2,1,0,0,0,0
1782,"RHYHORN Jungle Set","Jungle",1.2,1.2,1.2,1,0,0,0,0
1783,"MYSTERIOUS FOSSIL JAPANESE","Fossil",1.2,1.2,1.2,1,0,0,0,0
1784,"Onix 56/102 Base","Base Set",1.15,1.15,1.15,1,0,0,0,0
1785,"Psychic Energy 101/102","Base Set",1.1,1.1,1.1,1,0,0,0,0
1786,"Fire Energy 98/102","Base Set",1.1,1.1,1.1,1,0,0,0,0
1787,"POTION JAPANESE Base","Base Set",1.1,1.1,1.1,1,0,0,0,0
1788,"Voltorb 21/68 Hidden","Unknown Set",1.05,1.05,1.05,1,0,0,0,0
1789,"Celebrations Premium Figure","Celebrations",1,1,1,1,0,0,0,0
1790,"Break Evolution Box","Unknown Set",1,1,1,1,0,0,0,0
1791,"Astral Radiance Elite","Unknown Set",1,1,1,1,0,0,0,0
1792,"Pokémon Online Trading","Unknown Set",1,1,1,1,0,0,0,0
1793,"Evolving Skies (Umbreon","Evolving Skies",1,1,1,1,0,0,0,0
1794,"Sword and Shield","Evolving Skies",1,1,1,1,0,0,0,0
1795,"PIKACHU 2021 FUSION","Fusion Strike",1,1,1,1,0,0,0,0
1796,"Evolutions Pick your","Unknown Set",1,1,1,1,0,0,0,0
1797,"Celebrations NM/M Umbreon,","Celebrations",1,1,1,1,0,0,0,0
1798,"TRAINER 79/82 ROCKET","Unknown Set",1,1,1,1,0,0,0,0
1799,"Pokémon Pikachu Fusion","Fusion Strike",1,1,1,1,0,0,0,0
1800,"Sun Moon Base","Base Set",1,1,1,1,0,0,0,0
1801,"Machop (78/131) Base","Base Set",0.99,0.99,0.99,1,0,0,0,0
1802,"Cosmog 64/149 Sun","Base Set",0.99,0.99,0.99,1,0,0,0,0
1803,"YOU PICK! Choose","Base Set",0.99,0.99,0.99,1,0,0,0,0
1804,"Pidgey (86/131) Base","Base Set",0.99,0.99,0.99,1,0,0,0,0
1805,"Paras 85/130 Base","Base Set",0.99,0.99,0.99,1,0,0,0,0
1806,"Charizard Spirit Link","Unknown Set",0.99,0.99,0.99,1,0,0,0,0
1807,"2021 Celebrations Kyogre","Celebrations",0.99,0.99,0.99,1,0,0,0,0
1808,"Magnemite 53/102 Base","Base Set",0.99,0.99,0.99,1,0,0,0,0
1809,"Nidoran 83/130 Base","Base Set",0.99,0.99,0.99,1,0,0,0,0
1810,"Gastly 75/130 Base","Base Set",0.99,0.99,0.99,1,0,0,0,0
1811,"Evolving Skies Pick","Evolving Skies",0.99,0.99,0.99,1,0,0,0,0
1812,"Gust Wind (120/131)","Base Set",0.99,0.99,0.99,1,0,0,0,0
1813,"Base Set One","Base Set",0.99,0.99,0.99,1,0,0,0,0
1814,"Farfetch'd (40/131) Base","Base Set",0.99,0.99,0.99,1,0,0,0,0
1815,"Bill (118/131) Base","Base Set",0.99,0.99,0.99,1,0,0,0,0
1816,"Pokémon Magnemite Base","Base Set",0.99,0.99,0.99,1,0,0,0,0
1817,"BRILLIANT STARS *YOU","Brilliant Stars",0.99,0.99,0.99,1,0,0,0,0
1818,"Celebrations *YOU PICK*","Celebrations",0.99,0.99,0.99,1,0,0,0,0
1819,"2021 Celebrations Singles","Celebrations",0.99,0.99,0.99,1,0,0,0,0
1820,"Weedle (100/131) Base","Base Set",0.99,0.99,0.99,1,0,0,0,0
1821,"Pokémon Fighting Energy","Base Set",0.99,0.99,0.99,1,0,0,0,0
1822,"Koffing 51/102 Base","Base Set",0.99,0.99,0.99,1,0,0,0,0
1823,"Celebrations (25th Anniversary)","Celebrations",0.99,0.99,0.99,1,0,0,0,0
1824,"Gastly (50/103) Base","Unknown Set",0.99,0.99,0.99,1,0,0,0,0
1825,"Scarlet Violet Base","Base Set",0.99,0.99,0.99,1,0,0,0,0
1826,"Sun and Moon","Base Set",0.99,0.99,0.99,1,0,0,0,0
1827,"Charmander (46/103) Base","Unknown Set",0.99,0.99,0.99,1,0,0,0,0
1828,"Base Set Grass","Base Set",0.99,0.99,0.99,1,0,0,0,0
1829,"Staryu 65/102 Unlimited","Base Set",0.99,0.99,0.99,1,0,0,0,0
1830,"Growlithe (28/103) Base","Unknown Set",0.99,0.99,0.99,1,0,0,0,0
1831,"Machoke (34/103) Base","Unknown Set",0.99,0.99,0.99,1,0,0,0,0
1832,"Dratini (26/103) Base","Unknown Set",0.99,0.99,0.99,1,0,0,0,0
1833,"Dark Dragonair","Legendary Collection",0.84,0.84,0.84,1,0,0,0,0